variation_id,current_accession,current_name,current_gene,current_germline_classification,current_review_status,current_conditions,current_source_url,current_retrieved_date,older_accession,older_germline_classification,newer_accession,newer_germline_classification,manual_review_status,manual_review_notes
2,VCV000000002.5,"NM_014855.3(AP5Z1):c.80_83delinsTGCTGTAAACTGTAACTGTAAA (p.Arg27_Ile28delinsLeuLeuTer)",AP5Z1,Pathogenic/Likely pathogenic,"criteria provided, multiple submitters, no conflicts","Hereditary spastic paraplegia 48; Macular dystrophy with or without extraocular features; not provided",https://www.ncbi.nlm.nih.gov/clinvar/variation/2/,2026-07-26,,,,,Not reviewed,
4,VCV000000004.1,NM_014630.3(ZNF592):c.3136G>A (p.Gly1046Arg),ZNF592,Uncertain significance,no assertion criteria provided,Galloway-Mowat syndrome 1,https://www.ncbi.nlm.nih.gov/clinvar/variation/4/,2026-07-26,,,,,Not reviewed,
5,VCV000000005.11,NM_017547.4(FOXRED1):c.694C>T (p.Gln232Ter),FOXRED1,Pathogenic,"criteria provided, multiple submitters, no conflicts","FOXRED1-related disorder; Mitochondrial complex I deficiency, nuclear type 19; Leigh syndrome; not provided",https://www.ncbi.nlm.nih.gov/clinvar/variation/5/,2026-07-26,,,,,Not reviewed,
12,VCV000000012.4,NM_000410.4(HFE):c.314T>C (p.Ile105Thr),HFE,Uncertain significance,"criteria provided, single submitter",Hereditary hemochromatosis,https://www.ncbi.nlm.nih.gov/clinvar/variation/12/,2026-07-26,,,,,Not reviewed,
14,VCV000000014.8,NM_000410.4(HFE):c.892+48G>A,HFE,Benign,"criteria provided, single submitter",not provided,https://www.ncbi.nlm.nih.gov/clinvar/variation/14/,2026-07-26,,,,,Not reviewed,
20,VCV000000020.1,NM_020779.4(WDR35):c.25-2A>G,WDR35,Pathogenic,no assertion criteria provided,Cranioectodermal dysplasia 2,https://www.ncbi.nlm.nih.gov/clinvar/variation/20/,2026-07-26,,,,,Not reviewed,
28,VCV000000028.15,NM_144631.6(ZNF513):c.1015T>C (p.Cys339Arg),ZNF513,Conflicting classifications of pathogenicity,"criteria provided, conflicting classifications","not provided; Retinitis pigmentosa 58",https://www.ncbi.nlm.nih.gov/clinvar/variation/28/,2026-07-26,,,,,Not reviewed,
41,VCV000000041.30,NM_001083961.2(WDR62):c.1576G>A (p.Glu526Lys),WDR62,Uncertain significance,"criteria provided, multiple submitters, no conflicts","Inborn genetic diseases; not provided; Microcephaly 2, primary, autosomal recessive, with or without cortical malformations",https://www.ncbi.nlm.nih.gov/clinvar/variation/41/,2026-07-26,,,,,Not reviewed,
46,VCV000000046.2,NM_015910.7(WDPCP):c.624G>C (p.Leu208Phe),WDPCP,risk factor,no assertion criteria provided,"Bardet-Biedl syndrome 12, modifier of",https://www.ncbi.nlm.nih.gov/clinvar/variation/46/,2026-07-26,,,,,Not reviewed,
48,VCV000000048.13,NM_001199107.2(TBC1D24):c.439G>C (p.Asp147His),TBC1D24,Pathogenic,"criteria provided, multiple submitters, no conflicts","Autosomal dominant nonsyndromic hearing loss 65; Developmental and epileptic encephalopathy, 1; not provided",https://www.ncbi.nlm.nih.gov/clinvar/variation/48/,2026-07-26,,,,,Not reviewed,
51,VCV000000051.3,NM_022098.4(XPNPEP3):c.1357G>T (p.Gly453Cys),XPNPEP3,Pathogenic,"criteria provided, single submitter",Nephronophthisis-like nephropathy 1,https://www.ncbi.nlm.nih.gov/clinvar/variation/51/,2026-07-26,,,,,Not reviewed,
53,VCV000000053.11,NM_152269.5(MTRFR):c.248del (p.Val83fs),MTRFR,Pathogenic/Likely pathogenic,"criteria provided, multiple submitters, no conflicts","Combined oxidative phosphorylation defect type 7; Spastic paraplegia; Hereditary spastic paraplegia 55; Abnormal brain morphology",https://www.ncbi.nlm.nih.gov/clinvar/variation/53/,2026-07-26,,,,,Not reviewed,
62,VCV000000062.8,NC_000007.14:g.128775556C>T,OPN1SW,Likely benign,"criteria provided, single submitter",not provided,https://www.ncbi.nlm.nih.gov/clinvar/variation/62/,2026-07-26,,,,,Not reviewed,
77,VCV000000077.23,NM_000235.4(LIPA):c.599T>C (p.Leu200Pro),LIPA,Pathogenic,"criteria provided, multiple submitters, no conflicts","Cardiovascular phenotype; Wolman disease; Lysosomal acid lipase deficiency",https://www.ncbi.nlm.nih.gov/clinvar/variation/77/,2026-07-26,,,,,Not reviewed,
92,VCV000000092.7,NM_177924.5(ASAH1):c.413A>T (p.Glu138Val),ASAH1,Likely pathogenic,"criteria provided, multiple submitters, no conflicts",not provided,https://www.ncbi.nlm.nih.gov/clinvar/variation/92/,2026-07-26,,,,,Not reviewed,
97,VCV000000097.39,NM_000355.4(TCN2):c.776G>C (p.Arg259Pro),TCN2,Benign,"criteria provided, multiple submitters, no conflicts","not specified; not provided; Transcobalamin II deficiency",https://www.ncbi.nlm.nih.gov/clinvar/variation/97/,2026-07-26,,,,,Not reviewed,
