data_notice,source_row_id,variant_id,allele_id,variation_id,gene,assembly,chromosome,chromosome_accession,position,stop_position,reference_allele,alternate_allele,classification,review_status,submission_count,condition_accessions,phenotype_list,release_date
SYNTHETIC TEST DATA - NOT SCIENTIFIC RESULTS,old-1,1000,100,1000,GENE1,GRCh38,1,NC_000001.11,10001,10001,A,G,Uncertain significance,criteria provided single submitter,1,RCVTEST0001,Synthetic condition,2022-01-06
SYNTHETIC TEST DATA - NOT SCIENTIFIC RESULTS,old-2,1001,101,1001,GENE2,GRCh38,2,NC_000002.12,20002,20002,C,T,Uncertain significance,criteria provided multiple submitters no conflicts,2,RCVTEST0002,Synthetic condition,2022-01-06
SYNTHETIC TEST DATA - NOT SCIENTIFIC RESULTS,old-3,1002,102,1002,GENE3,GRCh38,3,NC_000003.12,30003,30003,G,A,Uncertain significance,criteria provided single submitter,1,RCVTEST0003,Synthetic condition,2022-01-06
SYNTHETIC TEST DATA - NOT SCIENTIFIC RESULTS,old-4,1003,103,1003,GENE4,GRCh38,4,NC_000004.12,40004,40004,T,C,Uncertain significance,criteria provided conflicting classifications,3,RCVTEST0004,Synthetic condition,2022-01-06
SYNTHETIC TEST DATA - NOT SCIENTIFIC RESULTS,old-5,1004,104,1004,GENE5,GRCh38,5,NC_000005.10,50005,50005,A,C,Uncertain significance,criteria provided single submitter,1,RCVTEST0005,Synthetic condition,2022-01-06
SYNTHETIC TEST DATA - NOT SCIENTIFIC RESULTS,old-6,1005,105,1005,GENE6,GRCh38,6,NC_000006.12,60006,60006,G,T,Uncertain significance,criteria provided single submitter,1,RCVTEST0006,Synthetic condition,2022-01-06
SYNTHETIC TEST DATA - NOT SCIENTIFIC RESULTS,old-7,1006,106,1006,GENE7,GRCh38,7,NC_000007.14,70007,70007,C,A,Uncertain significance,no assertion criteria provided,1,RCVTEST0007,Synthetic condition,2022-01-06
SYNTHETIC TEST DATA - NOT SCIENTIFIC RESULTS,old-8,,,,MISSING_TEST,GRCh38,8,NC_000008.11,,,,,Uncertain significance,no assertion criteria provided,,,Synthetic missing identifier,2022-01-06
SYNTHETIC TEST DATA - NOT SCIENTIFIC RESULTS,new-1,1000,100,1000,GENE1,GRCh38,1,NC_000001.11,10001,10001,A,G,Pathogenic,reviewed by expert panel,4,RCVTEST0001,Synthetic condition,2024-01-04
SYNTHETIC TEST DATA - NOT SCIENTIFIC RESULTS,new-2,1001,101,1001,GENE2,GRCh38,2,NC_000002.12,20002,20002,C,T,Benign,criteria provided multiple submitters no conflicts,5,RCVTEST0002,Synthetic condition,2024-01-04
SYNTHETIC TEST DATA - NOT SCIENTIFIC RESULTS,new-3,1002,102,1002,GENE3,GRCh38,3,NC_000003.12,30003,30003,G,A,Uncertain significance,criteria provided multiple submitters no conflicts,2,RCVTEST0003,Synthetic condition,2024-01-04
SYNTHETIC TEST DATA - NOT SCIENTIFIC RESULTS,new-4,1003,103,1003,GENE4,GRCh38,4,NC_000004.12,40004,40004,T,C,Conflicting classifications of pathogenicity,criteria provided conflicting classifications,4,RCVTEST0004,Synthetic condition,2024-01-04
SYNTHETIC TEST DATA - NOT SCIENTIFIC RESULTS,new-5,1004,104,1004,GENE5,GRCh38,5,NC_000005.10,50005,50005,A,C,Likely pathogenic,criteria provided multiple submitters no conflicts,3,RCVTEST0005,Synthetic condition,2024-01-04
SYNTHETIC TEST DATA - NOT SCIENTIFIC RESULTS,new-6,1005,105,1005,GENE6,GRCh38,6,NC_000006.12,60006,60006,G,T,Likely benign,criteria provided multiple submitters no conflicts,3,RCVTEST0006,Synthetic condition,2024-01-04
