queue_order,priority,reasons,model_version,variation_id,vcv_accession,gene,actual_outcome,predicted_class,v8_probability,confidence,high_confidence,correct,confusion_group,error_type,v7_prediction,v7_probability,v8_v7_disagreement,correct_sample,old_classification,actual_later_classification,review_status,manual_review_status,consequence,key_features,match_confidence,warning_flags,suggested_category,suggestion_status,source,source_predictions_sha256
1,high,high-confidence wrong; false negative; V8/V7 disagreement,V8,1676545,not recorded,GRIA1,moved_toward_pathogenic,moved_toward_benign,0.0010646108111242978,0.9989353891888757,true,false,FN,FN,moved_toward_pathogenic,0.3844555055711162,true,false,Uncertain significance,Likely pathogenic,not recorded,unreviewed,missense,consequence=missense,not recorded,,predicted benign but later pathogenic,unverified,outputs/ai_temporal_v8/temporal_test_predictions.csv,13d366749fa913accbced30ac574232fd9f56c695691b96e64b11d2a59427f54
2,high,high-confidence wrong; false positive,V8,1338214,not recorded,GP1BA,moved_toward_benign,moved_toward_pathogenic,0.9950571074176209,0.9950571074176209,true,false,FP,FP,moved_toward_pathogenic,0.9444743319596328,false,false,Uncertain significance,Likely benign,not recorded,unreviewed,loss_of_function,consequence=loss_of_function,not recorded,,predicted pathogenic but later benign,unverified,outputs/ai_temporal_v8/temporal_test_predictions.csv,13d366749fa913accbced30ac574232fd9f56c695691b96e64b11d2a59427f54
3,high,high-confidence wrong; false positive,V8,1804720,not recorded,CFHR4,moved_toward_benign,moved_toward_pathogenic,0.9368828432310298,0.9368828432310298,true,false,FP,FP,moved_toward_pathogenic,0.962524381831064,false,false,Uncertain significance,Benign,not recorded,unreviewed,canonical_splice,consequence=canonical_splice,not recorded,,predicted pathogenic but later benign,unverified,outputs/ai_temporal_v8/temporal_test_predictions.csv,13d366749fa913accbced30ac574232fd9f56c695691b96e64b11d2a59427f54
4,high,high-confidence wrong; false positive,V8,2151981,not recorded,DVL3,moved_toward_benign,moved_toward_pathogenic,0.9332021249391163,0.9332021249391163,true,false,FP,FP,moved_toward_pathogenic,0.9554959284011917,false,false,Uncertain significance,Likely benign,not recorded,unreviewed,loss_of_function,consequence=loss_of_function,not recorded,,predicted pathogenic but later benign,unverified,outputs/ai_temporal_v8/temporal_test_predictions.csv,13d366749fa913accbced30ac574232fd9f56c695691b96e64b11d2a59427f54
5,high,high-confidence wrong; false negative,V8,1508577,not recorded,SLC24A5,moved_toward_pathogenic,moved_toward_benign,0.07064681079454074,0.9293531892054593,true,false,FN,FN,moved_toward_benign,0.06397633321481741,false,false,Uncertain significance,Pathogenic,not recorded,unreviewed,noncoding,consequence=noncoding,not recorded,,predicted benign but later pathogenic,unverified,outputs/ai_temporal_v8/temporal_test_predictions.csv,13d366749fa913accbced30ac574232fd9f56c695691b96e64b11d2a59427f54
6,high,high-confidence wrong; false negative,V8,2635421,not recorded,TBR1,moved_toward_pathogenic,moved_toward_benign,0.0794845436948717,0.9205154563051283,true,false,FN,FN,moved_toward_benign,0.1281414209941347,false,false,Uncertain significance,Likely pathogenic,not recorded,unreviewed,noncoding,consequence=noncoding,not recorded,,predicted benign but later pathogenic,unverified,outputs/ai_temporal_v8/temporal_test_predictions.csv,13d366749fa913accbced30ac574232fd9f56c695691b96e64b11d2a59427f54
7,high,high-confidence wrong; false negative,V8,2179139,not recorded,SPAG1,moved_toward_pathogenic,moved_toward_benign,0.07955473087224357,0.9204452691277565,true,false,FN,FN,moved_toward_benign,0.1281414209941347,false,false,Uncertain significance,Pathogenic,not recorded,unreviewed,noncoding,consequence=noncoding,not recorded,,predicted benign but later pathogenic,unverified,outputs/ai_temporal_v8/temporal_test_predictions.csv,13d366749fa913accbced30ac574232fd9f56c695691b96e64b11d2a59427f54
8,high,high-confidence wrong; false negative,V8,1917357,not recorded,PTH,moved_toward_pathogenic,moved_toward_benign,0.08431612604990119,0.9156838739500988,true,false,FN,FN,moved_toward_benign,0.06713740615516636,false,false,Uncertain significance,Pathogenic,not recorded,unreviewed,noncoding,consequence=noncoding,not recorded,,predicted benign but later pathogenic,unverified,outputs/ai_temporal_v8/temporal_test_predictions.csv,13d366749fa913accbced30ac574232fd9f56c695691b96e64b11d2a59427f54
9,high,high-confidence wrong; false negative,V8,2125741,not recorded,EXOC6B,moved_toward_pathogenic,moved_toward_benign,0.08557687611624577,0.9144231238837542,true,false,FN,FN,moved_toward_benign,0.08353749337592022,false,false,Uncertain significance,Likely pathogenic,not recorded,unreviewed,noncoding,consequence=noncoding,not recorded,,predicted benign but later pathogenic,unverified,outputs/ai_temporal_v8/temporal_test_predictions.csv,13d366749fa913accbced30ac574232fd9f56c695691b96e64b11d2a59427f54
10,high,high-confidence wrong; false negative,V8,1510471,not recorded,FECH,moved_toward_pathogenic,moved_toward_benign,0.09022182001043229,0.9097781799895677,true,false,FN,FN,moved_toward_benign,0.1058189890316926,false,false,Uncertain significance,Likely pathogenic,not recorded,unreviewed,noncoding,consequence=noncoding,not recorded,,predicted benign but later pathogenic,unverified,outputs/ai_temporal_v8/temporal_test_predictions.csv,13d366749fa913accbced30ac574232fd9f56c695691b96e64b11d2a59427f54
11,high,high-confidence wrong; false positive; V8/V7 disagreement,V8,1481314,not recorded,GLI2,moved_toward_benign,moved_toward_pathogenic,0.8707431677760239,0.8707431677760239,true,false,FP,FP,moved_toward_benign,0.23018714521261868,true,false,Uncertain significance,Likely benign,not recorded,unreviewed,missense,consequence=missense,not recorded,,predicted pathogenic but later benign,unverified,outputs/ai_temporal_v8/temporal_test_predictions.csv,13d366749fa913accbced30ac574232fd9f56c695691b96e64b11d2a59427f54
12,high,high-confidence wrong; false negative; V8/V7 disagreement,V8,1518918,not recorded,DEAF1,moved_toward_pathogenic,moved_toward_benign,0.13311740515314116,0.8668825948468588,true,false,FN,FN,moved_toward_pathogenic,0.31383375154496645,true,false,Uncertain significance,Likely pathogenic,not recorded,unreviewed,missense,consequence=missense,not recorded,,predicted benign but later pathogenic,unverified,outputs/ai_temporal_v8/temporal_test_predictions.csv,13d366749fa913accbced30ac574232fd9f56c695691b96e64b11d2a59427f54
13,high,high-confidence wrong; false negative; V8/V7 disagreement,V8,1516358,not recorded,SERPINF1,moved_toward_pathogenic,moved_toward_benign,0.15542855032000163,0.8445714496799983,true,false,FN,FN,moved_toward_pathogenic,0.37629227949046273,true,false,Uncertain significance,Likely pathogenic,not recorded,unreviewed,missense,consequence=missense,not recorded,,predicted benign but later pathogenic,unverified,outputs/ai_temporal_v8/temporal_test_predictions.csv,13d366749fa913accbced30ac574232fd9f56c695691b96e64b11d2a59427f54
14,high,high-confidence wrong; false positive,V8,1444570,not recorded,HMCN1,moved_toward_benign,moved_toward_pathogenic,0.8400167965860683,0.8400167965860683,true,false,FP,FP,moved_toward_pathogenic,0.9641357912315837,false,false,Uncertain significance,Likely benign,not recorded,unreviewed,canonical_splice,consequence=canonical_splice,not recorded,,predicted pathogenic but later benign,unverified,outputs/ai_temporal_v8/temporal_test_predictions.csv,13d366749fa913accbced30ac574232fd9f56c695691b96e64b11d2a59427f54
15,high,high-confidence wrong; false positive; V8/V7 disagreement,V8,2184261,not recorded,TSEN54,moved_toward_benign,moved_toward_pathogenic,0.827144316186327,0.827144316186327,true,false,FP,FP,moved_toward_benign,0.21331152713226584,true,false,Uncertain significance,Likely benign,not recorded,unreviewed,missense,consequence=missense,not recorded,,predicted pathogenic but later benign,unverified,outputs/ai_temporal_v8/temporal_test_predictions.csv,13d366749fa913accbced30ac574232fd9f56c695691b96e64b11d2a59427f54
16,high,high-confidence wrong; false negative; V8/V7 disagreement,V8,2443383,not recorded,KATNIP,moved_toward_pathogenic,moved_toward_benign,0.17901849883061147,0.8209815011693885,true,false,FN,FN,moved_toward_pathogenic,0.5524301782352695,true,false,Uncertain significance,Likely pathogenic,not recorded,unreviewed,missense,consequence=missense,not recorded,,predicted benign but later pathogenic,unverified,outputs/ai_temporal_v8/temporal_test_predictions.csv,13d366749fa913accbced30ac574232fd9f56c695691b96e64b11d2a59427f54
17,high,high-confidence wrong; false negative; V8/V7 disagreement,V8,2443957,not recorded,ACACA,moved_toward_pathogenic,moved_toward_benign,0.18431543015606808,0.8156845698439319,true,false,FN,FN,moved_toward_pathogenic,0.445898504059104,true,false,Uncertain significance,Pathogenic,not recorded,unreviewed,missense,consequence=missense,not recorded,,predicted benign but later pathogenic,unverified,outputs/ai_temporal_v8/temporal_test_predictions.csv,13d366749fa913accbced30ac574232fd9f56c695691b96e64b11d2a59427f54
18,high,high-confidence wrong; false negative; V8/V7 disagreement,V8,2573382,not recorded,LAMB3,moved_toward_pathogenic,moved_toward_benign,0.18488859937411328,0.8151114006258867,true,false,FN,FN,moved_toward_pathogenic,0.5940403308783316,true,false,Uncertain significance,Likely pathogenic,not recorded,unreviewed,missense,consequence=missense,not recorded,,predicted benign but later pathogenic,unverified,outputs/ai_temporal_v8/temporal_test_predictions.csv,13d366749fa913accbced30ac574232fd9f56c695691b96e64b11d2a59427f54
19,high,high-confidence wrong; false negative,V8,1993961,not recorded,MTFMT,moved_toward_pathogenic,moved_toward_benign,0.1881067510516416,0.8118932489483583,true,false,FN,FN,moved_toward_benign,0.10508126214295055,false,false,Uncertain significance,Pathogenic,not recorded,unreviewed,missense,consequence=missense,not recorded,,predicted benign but later pathogenic,unverified,outputs/ai_temporal_v8/temporal_test_predictions.csv,13d366749fa913accbced30ac574232fd9f56c695691b96e64b11d2a59427f54
20,high,false negative,V8,1719216,not recorded,CTSA,moved_toward_pathogenic,moved_toward_benign,0.20321599326378717,0.7967840067362129,false,false,FN,FN,moved_toward_benign,0.22805493216608788,false,false,Uncertain significance,Likely pathogenic,not recorded,unreviewed,missense,consequence=missense,not recorded,,possible weak feature signal,unverified,outputs/ai_temporal_v8/temporal_test_predictions.csv,13d366749fa913accbced30ac574232fd9f56c695691b96e64b11d2a59427f54
21,high,false negative; V8/V7 disagreement,V8,2447640,not recorded,RIT1,moved_toward_pathogenic,moved_toward_benign,0.20459258835216995,0.79540741164783,false,false,FN,FN,moved_toward_pathogenic,0.4833809111570796,true,false,Uncertain significance,Likely pathogenic,not recorded,unreviewed,missense,consequence=missense,not recorded,,possible weak feature signal,unverified,outputs/ai_temporal_v8/temporal_test_predictions.csv,13d366749fa913accbced30ac574232fd9f56c695691b96e64b11d2a59427f54
22,high,false negative; V8/V7 disagreement,V8,2633613,not recorded,KCNJ16,moved_toward_pathogenic,moved_toward_benign,0.20802415988487452,0.7919758401151255,false,false,FN,FN,moved_toward_pathogenic,0.655135962854125,true,false,Uncertain significance,Pathogenic,not recorded,unreviewed,inframe_indel,consequence=inframe_indel,not recorded,,possible weak feature signal,unverified,outputs/ai_temporal_v8/temporal_test_predictions.csv,13d366749fa913accbced30ac574232fd9f56c695691b96e64b11d2a59427f54
23,high,false negative; V8/V7 disagreement,V8,2138351,not recorded,CD40,moved_toward_pathogenic,moved_toward_benign,0.21125847658143893,0.7887415234185611,false,false,FN,FN,moved_toward_pathogenic,0.5983074618031374,true,false,Uncertain significance,Likely pathogenic,not recorded,unreviewed,unrecognized,consequence=unrecognized,not recorded,,possible missing consequence,unverified,outputs/ai_temporal_v8/temporal_test_predictions.csv,13d366749fa913accbced30ac574232fd9f56c695691b96e64b11d2a59427f54
24,high,false negative,V8,1403780,not recorded,PEPD,moved_toward_pathogenic,moved_toward_benign,0.2159958685566607,0.7840041314433392,false,false,FN,FN,moved_toward_benign,0.14216636729706705,false,false,Uncertain significance,Pathogenic/Likely pathogenic,not recorded,unreviewed,missense,consequence=missense,not recorded,,possible weak feature signal,unverified,outputs/ai_temporal_v8/temporal_test_predictions.csv,13d366749fa913accbced30ac574232fd9f56c695691b96e64b11d2a59427f54
25,high,false negative,V8,2169644,not recorded,NDP,moved_toward_pathogenic,moved_toward_benign,0.21767764873375306,0.7823223512662469,false,false,FN,FN,moved_toward_benign,0.11345999625094376,false,false,Uncertain significance,Likely pathogenic,not recorded,unreviewed,missense,consequence=missense,not recorded,,possible weak feature signal,unverified,outputs/ai_temporal_v8/temporal_test_predictions.csv,13d366749fa913accbced30ac574232fd9f56c695691b96e64b11d2a59427f54
26,high,false negative,V8,1523531,not recorded,GPAA1,moved_toward_pathogenic,moved_toward_benign,0.21996475520227293,0.780035244797727,false,false,FN,FN,moved_toward_benign,0.22029526050553136,false,false,Uncertain significance,Likely pathogenic,not recorded,unreviewed,missense,consequence=missense,not recorded,,possible weak feature signal,unverified,outputs/ai_temporal_v8/temporal_test_predictions.csv,13d366749fa913accbced30ac574232fd9f56c695691b96e64b11d2a59427f54
27,high,false negative; V8/V7 disagreement,V8,1367200,not recorded,DRAM2,moved_toward_pathogenic,moved_toward_benign,0.22045689768599577,0.7795431023140043,false,false,FN,FN,moved_toward_pathogenic,0.31383375154496645,true,false,Uncertain significance,Pathogenic,not recorded,unreviewed,missense,consequence=missense,not recorded,,possible weak feature signal,unverified,outputs/ai_temporal_v8/temporal_test_predictions.csv,13d366749fa913accbced30ac574232fd9f56c695691b96e64b11d2a59427f54
28,high,false negative; V8/V7 disagreement,V8,1343012,not recorded,TUBB3,moved_toward_pathogenic,moved_toward_benign,0.22257118406432444,0.7774288159356756,false,false,FN,FN,moved_toward_pathogenic,0.5895497692256777,true,false,Uncertain significance,Pathogenic,not recorded,unreviewed,missense,consequence=missense,not recorded,,possible weak feature signal,unverified,outputs/ai_temporal_v8/temporal_test_predictions.csv,13d366749fa913accbced30ac574232fd9f56c695691b96e64b11d2a59427f54
29,high,false negative; V8/V7 disagreement,V8,1699024,not recorded,NSF,moved_toward_pathogenic,moved_toward_benign,0.23288473610475333,0.7671152638952466,false,false,FN,FN,moved_toward_pathogenic,0.5957643981504271,true,false,Uncertain significance,Likely pathogenic,not recorded,unreviewed,inframe_indel,consequence=inframe_indel,not recorded,,possible weak feature signal,unverified,outputs/ai_temporal_v8/temporal_test_predictions.csv,13d366749fa913accbced30ac574232fd9f56c695691b96e64b11d2a59427f54
30,high,false negative; V8/V7 disagreement,V8,2137670,not recorded,SLC12A1,moved_toward_pathogenic,moved_toward_benign,0.23350008264141298,0.766499917358587,false,false,FN,FN,moved_toward_pathogenic,0.3844555055711162,true,false,Uncertain significance,Likely pathogenic,not recorded,unreviewed,missense,consequence=missense,not recorded,,possible weak feature signal,unverified,outputs/ai_temporal_v8/temporal_test_predictions.csv,13d366749fa913accbced30ac574232fd9f56c695691b96e64b11d2a59427f54
31,high,false negative; V8/V7 disagreement,V8,1387135,not recorded,HTRA1,moved_toward_pathogenic,moved_toward_benign,0.234942503672652,0.765057496327348,false,false,FN,FN,moved_toward_pathogenic,0.3863739366663815,true,false,Uncertain significance,Likely pathogenic,not recorded,unreviewed,missense,consequence=missense,not recorded,,possible weak feature signal,unverified,outputs/ai_temporal_v8/temporal_test_predictions.csv,13d366749fa913accbced30ac574232fd9f56c695691b96e64b11d2a59427f54
32,high,false negative,V8,2169571,not recorded,AMHR2,moved_toward_pathogenic,moved_toward_benign,0.25906541811907624,0.7409345818809238,false,false,FN,FN,moved_toward_benign,0.22029526050553136,false,false,Uncertain significance,Likely pathogenic,not recorded,unreviewed,missense,consequence=missense,not recorded,,possible weak feature signal,unverified,outputs/ai_temporal_v8/temporal_test_predictions.csv,13d366749fa913accbced30ac574232fd9f56c695691b96e64b11d2a59427f54
33,high,false negative; V8/V7 disagreement,V8,1910224,not recorded,HTRA1,moved_toward_pathogenic,moved_toward_benign,0.2661583019464975,0.7338416980535025,false,false,FN,FN,moved_toward_pathogenic,0.3678398013925165,true,false,Uncertain significance,Pathogenic/Likely pathogenic,not recorded,unreviewed,missense,consequence=missense,not recorded,,possible weak feature signal,unverified,outputs/ai_temporal_v8/temporal_test_predictions.csv,13d366749fa913accbced30ac574232fd9f56c695691b96e64b11d2a59427f54
34,high,false negative; V8/V7 disagreement,V8,2085378,not recorded,DEAF1,moved_toward_pathogenic,moved_toward_benign,0.26719489932484686,0.7328051006751531,false,false,FN,FN,moved_toward_pathogenic,0.3844555055711162,true,false,Uncertain significance,Pathogenic,not recorded,unreviewed,missense,consequence=missense,not recorded,,possible weak feature signal,unverified,outputs/ai_temporal_v8/temporal_test_predictions.csv,13d366749fa913accbced30ac574232fd9f56c695691b96e64b11d2a59427f54
35,high,false negative,V8,2191065,not recorded,LOXL3,moved_toward_pathogenic,moved_toward_benign,0.27735782754026445,0.7226421724597356,false,false,FN,FN,moved_toward_benign,0.22029526050553136,false,false,Uncertain significance,Pathogenic,not recorded,unreviewed,missense,consequence=missense,not recorded,,possible weak feature signal,unverified,outputs/ai_temporal_v8/temporal_test_predictions.csv,13d366749fa913accbced30ac574232fd9f56c695691b96e64b11d2a59427f54
36,high,false negative,V8,2175962,not recorded,MAB21L1,moved_toward_pathogenic,moved_toward_benign,0.2777494997787577,0.7222505002212423,false,false,FN,FN,moved_toward_benign,0.22029526050553136,false,false,Uncertain significance,Pathogenic,not recorded,unreviewed,missense,consequence=missense,not recorded,,possible weak feature signal,unverified,outputs/ai_temporal_v8/temporal_test_predictions.csv,13d366749fa913accbced30ac574232fd9f56c695691b96e64b11d2a59427f54
37,high,false negative; V8/V7 disagreement,V8,2097852,not recorded,TMC1,moved_toward_pathogenic,moved_toward_benign,0.3057396202253727,0.6942603797746273,false,false,FN,FN,moved_toward_pathogenic,0.3678398013925165,true,false,Uncertain significance,Likely pathogenic,not recorded,unreviewed,missense,consequence=missense,not recorded,,possible weak feature signal,unverified,outputs/ai_temporal_v8/temporal_test_predictions.csv,13d366749fa913accbced30ac574232fd9f56c695691b96e64b11d2a59427f54
38,medium,false positive,V8,1469777,not recorded,AMPD1,moved_toward_benign,moved_toward_pathogenic,0.7927954210383035,0.7927954210383035,false,false,FP,FP,moved_toward_pathogenic,0.5986425840187708,false,false,Uncertain significance,Likely benign,not recorded,unreviewed,unrecognized,consequence=unrecognized,not recorded,,possible missing consequence,unverified,outputs/ai_temporal_v8/temporal_test_predictions.csv,13d366749fa913accbced30ac574232fd9f56c695691b96e64b11d2a59427f54
39,medium,false positive,V8,2634522,not recorded,UCP3,moved_toward_benign,moved_toward_pathogenic,0.7726437574044066,0.7726437574044066,false,false,FP,FP,moved_toward_pathogenic,0.5940403308783316,false,false,Uncertain significance,Likely benign,not recorded,unreviewed,missense,consequence=missense,not recorded,,possible weak feature signal,unverified,outputs/ai_temporal_v8/temporal_test_predictions.csv,13d366749fa913accbced30ac574232fd9f56c695691b96e64b11d2a59427f54
40,medium,false positive,V8,1514081,not recorded,NKX2-5,moved_toward_benign,moved_toward_pathogenic,0.7461180715141321,0.7461180715141321,false,false,FP,FP,moved_toward_pathogenic,0.34449406758118695,false,false,Uncertain significance,Likely benign,not recorded,unreviewed,missense,consequence=missense,not recorded,,possible weak feature signal,unverified,outputs/ai_temporal_v8/temporal_test_predictions.csv,13d366749fa913accbced30ac574232fd9f56c695691b96e64b11d2a59427f54
41,medium,false positive,V8,1344550,not recorded,MT-ND6,moved_toward_benign,moved_toward_pathogenic,0.7122207985475159,0.7122207985475159,false,false,FP,FP,moved_toward_pathogenic,0.39750904483794225,false,false,Uncertain significance,Benign,not recorded,unreviewed,unrecognized,consequence=unrecognized,not recorded,,possible missing consequence,unverified,outputs/ai_temporal_v8/temporal_test_predictions.csv,13d366749fa913accbced30ac574232fd9f56c695691b96e64b11d2a59427f54
42,medium,false positive,V8,2176499,not recorded,SYNPO,moved_toward_benign,moved_toward_pathogenic,0.7003407341304048,0.7003407341304048,false,false,FP,FP,moved_toward_pathogenic,0.3586218421972106,false,false,Uncertain significance,Likely benign,not recorded,unreviewed,inframe_indel,consequence=inframe_indel,not recorded,,possible weak feature signal,unverified,outputs/ai_temporal_v8/temporal_test_predictions.csv,13d366749fa913accbced30ac574232fd9f56c695691b96e64b11d2a59427f54
43,medium,false positive,V8,1953098,not recorded,KCNC3,moved_toward_benign,moved_toward_pathogenic,0.6930011043924129,0.6930011043924129,false,false,FP,FP,moved_toward_pathogenic,0.3844555055711162,false,false,Uncertain significance,Likely benign,not recorded,unreviewed,missense,consequence=missense,not recorded,,possible weak feature signal,unverified,outputs/ai_temporal_v8/temporal_test_predictions.csv,13d366749fa913accbced30ac574232fd9f56c695691b96e64b11d2a59427f54
44,medium,false positive,V8,1740318,not recorded,GPIHBP1,moved_toward_benign,moved_toward_pathogenic,0.6817339840129508,0.6817339840129508,false,false,FP,FP,moved_toward_pathogenic,0.3076211661679912,false,false,Uncertain significance,Likely benign,not recorded,unreviewed,missense,consequence=missense,not recorded,,possible weak feature signal,unverified,outputs/ai_temporal_v8/temporal_test_predictions.csv,13d366749fa913accbced30ac574232fd9f56c695691b96e64b11d2a59427f54
45,medium,false positive; V8/V7 disagreement,V8,1365050,not recorded,DVL3,moved_toward_benign,moved_toward_pathogenic,0.668469734759352,0.668469734759352,false,false,FP,FP,moved_toward_benign,0.22029526050553136,true,false,Uncertain significance,Benign,not recorded,unreviewed,missense,consequence=missense,not recorded,,possible weak feature signal,unverified,outputs/ai_temporal_v8/temporal_test_predictions.csv,13d366749fa913accbced30ac574232fd9f56c695691b96e64b11d2a59427f54
46,medium,false positive; V8/V7 disagreement,V8,1409760,not recorded,TECTA,moved_toward_benign,moved_toward_pathogenic,0.6061348725515225,0.6061348725515225,false,false,FP,FP,moved_toward_benign,0.22029526050553136,true,false,Uncertain significance,Likely benign,not recorded,unreviewed,missense,consequence=missense,not recorded,,possible weak feature signal,unverified,outputs/ai_temporal_v8/temporal_test_predictions.csv,13d366749fa913accbced30ac574232fd9f56c695691b96e64b11d2a59427f54
47,medium,false positive,V8,2411525,not recorded,ADAM22,moved_toward_benign,moved_toward_pathogenic,0.5916305553228872,0.5916305553228872,false,false,FP,FP,moved_toward_pathogenic,0.43511975310260514,false,false,Uncertain significance,Likely benign,not recorded,unreviewed,missense,consequence=missense,not recorded,,possible weak feature signal,unverified,outputs/ai_temporal_v8/temporal_test_predictions.csv,13d366749fa913accbced30ac574232fd9f56c695691b96e64b11d2a59427f54
48,medium,false positive,V8,1902652,not recorded,GHR,moved_toward_benign,moved_toward_pathogenic,0.5694189492842154,0.5694189492842154,false,false,FP,FP,moved_toward_pathogenic,0.3844555055711162,false,false,Uncertain significance,Benign,not recorded,unreviewed,missense,consequence=missense,not recorded,,possible weak feature signal,unverified,outputs/ai_temporal_v8/temporal_test_predictions.csv,13d366749fa913accbced30ac574232fd9f56c695691b96e64b11d2a59427f54
49,medium,false positive; V8/V7 disagreement,V8,2031464,not recorded,RAB11A,moved_toward_benign,moved_toward_pathogenic,0.5673187756375103,0.5673187756375103,false,false,FP,FP,moved_toward_benign,0.08216722174561292,true,false,Uncertain significance,Likely benign,not recorded,unreviewed,missense,consequence=missense,not recorded,,possible weak feature signal,unverified,outputs/ai_temporal_v8/temporal_test_predictions.csv,13d366749fa913accbced30ac574232fd9f56c695691b96e64b11d2a59427f54
50,medium,false positive,V8,1378717,not recorded,ASXL2,moved_toward_benign,moved_toward_pathogenic,0.5642916458381362,0.5642916458381362,false,false,FP,FP,moved_toward_pathogenic,0.30339931876635756,false,false,Uncertain significance,Benign/Likely benign,not recorded,unreviewed,missense,consequence=missense,not recorded,,possible weak feature signal,unverified,outputs/ai_temporal_v8/temporal_test_predictions.csv,13d366749fa913accbced30ac574232fd9f56c695691b96e64b11d2a59427f54
51,medium,false positive,V8,1485769,not recorded,NFE2L2,moved_toward_benign,moved_toward_pathogenic,0.561016840283596,0.561016840283596,false,false,FP,FP,moved_toward_pathogenic,0.39844500476543826,false,false,Uncertain significance,Benign,not recorded,unreviewed,missense,consequence=missense,not recorded,,possible weak feature signal,unverified,outputs/ai_temporal_v8/temporal_test_predictions.csv,13d366749fa913accbced30ac574232fd9f56c695691b96e64b11d2a59427f54
52,medium,false positive,V8,1418602,not recorded,P4HB,moved_toward_benign,moved_toward_pathogenic,0.556531159161481,0.556531159161481,false,false,FP,FP,moved_toward_pathogenic,0.4006513015550138,false,false,Uncertain significance,Benign,not recorded,unreviewed,missense,consequence=missense,not recorded,,possible weak feature signal,unverified,outputs/ai_temporal_v8/temporal_test_predictions.csv,13d366749fa913accbced30ac574232fd9f56c695691b96e64b11d2a59427f54
53,medium,false positive,V8,2415116,not recorded,CASZ1,moved_toward_benign,moved_toward_pathogenic,0.5458121561463424,0.5458121561463424,false,false,FP,FP,moved_toward_pathogenic,0.3678398013925165,false,false,Uncertain significance,Likely benign,not recorded,unreviewed,missense,consequence=missense,not recorded,,possible weak feature signal,unverified,outputs/ai_temporal_v8/temporal_test_predictions.csv,13d366749fa913accbced30ac574232fd9f56c695691b96e64b11d2a59427f54
54,medium,false positive,V8,2530789,not recorded,PEX16,moved_toward_benign,moved_toward_pathogenic,0.5451477329458659,0.5451477329458659,false,false,FP,FP,moved_toward_pathogenic,0.4833809111570796,false,false,Uncertain significance,Likely benign,not recorded,unreviewed,missense,consequence=missense,not recorded,,possible weak feature signal,unverified,outputs/ai_temporal_v8/temporal_test_predictions.csv,13d366749fa913accbced30ac574232fd9f56c695691b96e64b11d2a59427f54
55,medium,false positive,V8,2039803,not recorded,HEPACAM,moved_toward_benign,moved_toward_pathogenic,0.5430684911859297,0.5430684911859297,false,false,FP,FP,moved_toward_pathogenic,0.4006513015550138,false,false,Uncertain significance,Benign,not recorded,unreviewed,missense,consequence=missense,not recorded,,possible weak feature signal,unverified,outputs/ai_temporal_v8/temporal_test_predictions.csv,13d366749fa913accbced30ac574232fd9f56c695691b96e64b11d2a59427f54
56,medium,false positive,V8,2049055,not recorded,P4HB,moved_toward_benign,moved_toward_pathogenic,0.5404414154528234,0.5404414154528234,false,false,FP,FP,moved_toward_pathogenic,0.5461825216096715,false,false,Uncertain significance,Likely benign,not recorded,unreviewed,inframe_indel,consequence=inframe_indel,not recorded,,possible weak feature signal,unverified,outputs/ai_temporal_v8/temporal_test_predictions.csv,13d366749fa913accbced30ac574232fd9f56c695691b96e64b11d2a59427f54
57,medium,false positive; V8/V7 disagreement,V8,1992889,not recorded,P4HB,moved_toward_benign,moved_toward_pathogenic,0.5373421269181842,0.5373421269181842,false,false,FP,FP,moved_toward_benign,0.22029526050553136,true,false,Uncertain significance,Benign,not recorded,unreviewed,missense,consequence=missense,not recorded,,possible weak feature signal,unverified,outputs/ai_temporal_v8/temporal_test_predictions.csv,13d366749fa913accbced30ac574232fd9f56c695691b96e64b11d2a59427f54
58,medium,false positive; V8/V7 disagreement,V8,2140752,not recorded,ERCC6,moved_toward_benign,moved_toward_pathogenic,0.5321746621774255,0.5321746621774255,false,false,FP,FP,moved_toward_benign,0.22029526050553136,true,false,Uncertain significance,Likely benign,not recorded,unreviewed,missense,consequence=missense,not recorded,,possible weak feature signal,unverified,outputs/ai_temporal_v8/temporal_test_predictions.csv,13d366749fa913accbced30ac574232fd9f56c695691b96e64b11d2a59427f54
59,medium,false positive; V8/V7 disagreement,V8,1920086,not recorded,SLC39A14,moved_toward_benign,moved_toward_pathogenic,0.5235589696442413,0.5235589696442413,false,false,FP,FP,moved_toward_benign,0.22029526050553136,true,false,Uncertain significance,Likely benign,not recorded,unreviewed,missense,consequence=missense,not recorded,,possible weak feature signal,unverified,outputs/ai_temporal_v8/temporal_test_predictions.csv,13d366749fa913accbced30ac574232fd9f56c695691b96e64b11d2a59427f54
60,medium,false positive; V8/V7 disagreement,V8,1481456,not recorded,TSEN54,moved_toward_benign,moved_toward_pathogenic,0.5161412583117678,0.5161412583117678,false,false,FP,FP,moved_toward_benign,0.26721688057651466,true,false,Uncertain significance,Likely benign,not recorded,unreviewed,missense,consequence=missense,not recorded,,possible weak feature signal,unverified,outputs/ai_temporal_v8/temporal_test_predictions.csv,13d366749fa913accbced30ac574232fd9f56c695691b96e64b11d2a59427f54
61,medium,false positive,V8,2192947,not recorded,FGD1,moved_toward_benign,moved_toward_pathogenic,0.5121985889358127,0.5121985889358127,false,false,FP,FP,moved_toward_pathogenic,0.3678398013925165,false,false,Uncertain significance,Likely benign,not recorded,unreviewed,missense,consequence=missense,not recorded,,possible weak feature signal,unverified,outputs/ai_temporal_v8/temporal_test_predictions.csv,13d366749fa913accbced30ac574232fd9f56c695691b96e64b11d2a59427f54
62,medium,false positive,V8,2634181,not recorded,HLTF,moved_toward_benign,moved_toward_pathogenic,0.5095398904426833,0.5095398904426833,false,false,FP,FP,moved_toward_pathogenic,0.4833809111570796,false,false,Uncertain significance,Likely benign,not recorded,unreviewed,missense,consequence=missense,not recorded,,possible weak feature signal,unverified,outputs/ai_temporal_v8/temporal_test_predictions.csv,13d366749fa913accbced30ac574232fd9f56c695691b96e64b11d2a59427f54
63,medium,false positive,V8,1996920,not recorded,ARCN1,moved_toward_benign,moved_toward_pathogenic,0.5076603699621796,0.5076603699621796,false,false,FP,FP,moved_toward_pathogenic,0.30339931876635756,false,false,Uncertain significance,Likely benign,not recorded,unreviewed,missense,consequence=missense,not recorded,,possible weak feature signal,unverified,outputs/ai_temporal_v8/temporal_test_predictions.csv,13d366749fa913accbced30ac574232fd9f56c695691b96e64b11d2a59427f54
64,medium,false positive,V8,1908216,not recorded,ITGB4,moved_toward_benign,moved_toward_pathogenic,0.500116285327123,0.500116285327123,false,false,FP,FP,moved_toward_pathogenic,0.3678398013925165,false,false,Uncertain significance,Likely benign,not recorded,unreviewed,missense,consequence=missense,not recorded,,possible weak feature signal,unverified,outputs/ai_temporal_v8/temporal_test_predictions.csv,13d366749fa913accbced30ac574232fd9f56c695691b96e64b11d2a59427f54
65,medium,false positive; V8/V7 disagreement,V8,2192096,not recorded,TRPV3,moved_toward_benign,moved_toward_pathogenic,0.49917475802934785,0.49917475802934785,false,false,FP,FP,moved_toward_benign,0.21331152713226584,true,false,Uncertain significance,Likely benign,not recorded,unreviewed,missense,consequence=missense,not recorded,,possible weak feature signal,unverified,outputs/ai_temporal_v8/temporal_test_predictions.csv,13d366749fa913accbced30ac574232fd9f56c695691b96e64b11d2a59427f54
66,medium,false positive,V8,2260860,not recorded,KDM1A,moved_toward_benign,moved_toward_pathogenic,0.4967638422980666,0.4967638422980666,false,false,FP,FP,moved_toward_pathogenic,0.34449406758118695,false,false,Uncertain significance,Likely benign,not recorded,unreviewed,missense,consequence=missense,not recorded,,possible weak feature signal,unverified,outputs/ai_temporal_v8/temporal_test_predictions.csv,13d366749fa913accbced30ac574232fd9f56c695691b96e64b11d2a59427f54
67,medium,false positive,V8,2487837,not recorded,MRPS34,moved_toward_benign,moved_toward_pathogenic,0.4942818817850339,0.4942818817850339,false,false,FP,FP,moved_toward_pathogenic,0.4833809111570796,false,false,Uncertain significance,Likely benign,not recorded,unreviewed,missense,consequence=missense,not recorded,,possible weak feature signal,unverified,outputs/ai_temporal_v8/temporal_test_predictions.csv,13d366749fa913accbced30ac574232fd9f56c695691b96e64b11d2a59427f54
68,medium,false positive,V8,1410260,not recorded,ASXL2,moved_toward_benign,moved_toward_pathogenic,0.48042790207350533,0.48042790207350533,false,false,FP,FP,moved_toward_pathogenic,0.37629227949046273,false,false,Uncertain significance,Benign/Likely benign,not recorded,unreviewed,missense,consequence=missense,not recorded,,possible weak feature signal,unverified,outputs/ai_temporal_v8/temporal_test_predictions.csv,13d366749fa913accbced30ac574232fd9f56c695691b96e64b11d2a59427f54
69,medium,false positive; V8/V7 disagreement,V8,2153622,not recorded,PEPD,moved_toward_benign,moved_toward_pathogenic,0.4800239693475896,0.4800239693475896,false,false,FP,FP,moved_toward_benign,0.22029526050553136,true,false,Uncertain significance,Likely benign,not recorded,unreviewed,missense,consequence=missense,not recorded,,possible weak feature signal,unverified,outputs/ai_temporal_v8/temporal_test_predictions.csv,13d366749fa913accbced30ac574232fd9f56c695691b96e64b11d2a59427f54
70,medium,false positive,V8,2147112,not recorded,ZBTB18,moved_toward_benign,moved_toward_pathogenic,0.47756393071303266,0.47756393071303266,false,false,FP,FP,moved_toward_pathogenic,0.30339931876635756,false,false,Uncertain significance,Benign,not recorded,unreviewed,missense,consequence=missense,not recorded,,possible weak feature signal,unverified,outputs/ai_temporal_v8/temporal_test_predictions.csv,13d366749fa913accbced30ac574232fd9f56c695691b96e64b11d2a59427f54
71,medium,false positive; V8/V7 disagreement,V8,2127003,not recorded,IFITM5,moved_toward_benign,moved_toward_pathogenic,0.4758426758094477,0.4758426758094477,false,false,FP,FP,moved_toward_benign,0.21129272709848507,true,false,Uncertain significance,Likely benign,not recorded,unreviewed,missense,consequence=missense,not recorded,,possible weak feature signal,unverified,outputs/ai_temporal_v8/temporal_test_predictions.csv,13d366749fa913accbced30ac574232fd9f56c695691b96e64b11d2a59427f54
72,medium,false positive; V8/V7 disagreement,V8,2093950,not recorded,TUBB3,moved_toward_benign,moved_toward_pathogenic,0.4716232622112248,0.4716232622112248,false,false,FP,FP,moved_toward_benign,0.22029526050553136,true,false,Uncertain significance,Benign,not recorded,unreviewed,missense,consequence=missense,not recorded,,possible weak feature signal,unverified,outputs/ai_temporal_v8/temporal_test_predictions.csv,13d366749fa913accbced30ac574232fd9f56c695691b96e64b11d2a59427f54
73,medium,false positive,V8,1404861,not recorded,ABCA12,moved_toward_benign,moved_toward_pathogenic,0.47059957279038445,0.47059957279038445,false,false,FP,FP,moved_toward_pathogenic,0.3863739366663815,false,false,Uncertain significance,Likely benign,not recorded,unreviewed,missense,consequence=missense,not recorded,,possible weak feature signal,unverified,outputs/ai_temporal_v8/temporal_test_predictions.csv,13d366749fa913accbced30ac574232fd9f56c695691b96e64b11d2a59427f54
74,medium,false positive; V8/V7 disagreement,V8,1378882,not recorded,SOX9,moved_toward_benign,moved_toward_pathogenic,0.47011971451645823,0.47011971451645823,false,false,FP,FP,moved_toward_benign,0.24191741012343843,true,false,Uncertain significance,Benign,not recorded,unreviewed,missense,consequence=missense,not recorded,,possible weak feature signal,unverified,outputs/ai_temporal_v8/temporal_test_predictions.csv,13d366749fa913accbced30ac574232fd9f56c695691b96e64b11d2a59427f54
75,medium,false positive,V8,2068277,not recorded,HMCN1,moved_toward_benign,moved_toward_pathogenic,0.4688345264682361,0.4688345264682361,false,false,FP,FP,moved_toward_pathogenic,0.3844555055711162,false,false,Uncertain significance,Likely benign,not recorded,unreviewed,missense,consequence=missense,not recorded,,possible weak feature signal,unverified,outputs/ai_temporal_v8/temporal_test_predictions.csv,13d366749fa913accbced30ac574232fd9f56c695691b96e64b11d2a59427f54
76,medium,false positive; V8/V7 disagreement,V8,2380813,not recorded,ARFGEF1,moved_toward_benign,moved_toward_pathogenic,0.4673504342597057,0.4673504342597057,false,false,FP,FP,moved_toward_benign,0.19960060539017066,true,false,Uncertain significance,Likely benign,not recorded,unreviewed,missense,consequence=missense,not recorded,,possible weak feature signal,unverified,outputs/ai_temporal_v8/temporal_test_predictions.csv,13d366749fa913accbced30ac574232fd9f56c695691b96e64b11d2a59427f54
77,medium,false positive; V8/V7 disagreement,V8,2029336,not recorded,MAST1,moved_toward_benign,moved_toward_pathogenic,0.44776007789448513,0.44776007789448513,false,false,FP,FP,moved_toward_benign,0.14216636729706705,true,false,Uncertain significance,Likely benign,not recorded,unreviewed,missense,consequence=missense,not recorded,,possible weak feature signal,unverified,outputs/ai_temporal_v8/temporal_test_predictions.csv,13d366749fa913accbced30ac574232fd9f56c695691b96e64b11d2a59427f54
78,medium,false positive,V8,2637596,not recorded,STUB1,moved_toward_benign,moved_toward_pathogenic,0.4451035900577196,0.4451035900577196,false,false,FP,FP,moved_toward_pathogenic,0.7836886182438322,false,false,Uncertain significance,Likely benign,not recorded,unreviewed,unrecognized,consequence=unrecognized,not recorded,,possible missing consequence,unverified,outputs/ai_temporal_v8/temporal_test_predictions.csv,13d366749fa913accbced30ac574232fd9f56c695691b96e64b11d2a59427f54
79,medium,false positive,V8,1936392,not recorded,SPTA1,moved_toward_benign,moved_toward_pathogenic,0.4146209657642129,0.4146209657642129,false,false,FP,FP,moved_toward_pathogenic,0.3844555055711162,false,false,Uncertain significance,Likely benign,not recorded,unreviewed,missense,consequence=missense,not recorded,,possible weak feature signal,unverified,outputs/ai_temporal_v8/temporal_test_predictions.csv,13d366749fa913accbced30ac574232fd9f56c695691b96e64b11d2a59427f54
80,medium,false positive,V8,1347398,not recorded,LEPR,moved_toward_benign,moved_toward_pathogenic,0.41441237849811385,0.41441237849811385,false,false,FP,FP,moved_toward_pathogenic,0.4442978228659409,false,false,Uncertain significance,Likely benign,not recorded,unreviewed,missense,consequence=missense,not recorded,,possible weak feature signal,unverified,outputs/ai_temporal_v8/temporal_test_predictions.csv,13d366749fa913accbced30ac574232fd9f56c695691b96e64b11d2a59427f54
81,medium,false positive,V8,1909126,not recorded,ASXL2,moved_toward_benign,moved_toward_pathogenic,0.4056356729267961,0.4056356729267961,false,false,FP,FP,moved_toward_pathogenic,0.31383375154496645,false,false,Uncertain significance,Benign,not recorded,unreviewed,missense,consequence=missense,not recorded,,possible weak feature signal,unverified,outputs/ai_temporal_v8/temporal_test_predictions.csv,13d366749fa913accbced30ac574232fd9f56c695691b96e64b11d2a59427f54
82,medium,false positive,V8,2140757,not recorded,ERCC6,moved_toward_benign,moved_toward_pathogenic,0.4044404939891501,0.4044404939891501,false,false,FP,FP,moved_toward_pathogenic,0.3678398013925165,false,false,Uncertain significance,Likely benign,not recorded,unreviewed,missense,consequence=missense,not recorded,,possible weak feature signal,unverified,outputs/ai_temporal_v8/temporal_test_predictions.csv,13d366749fa913accbced30ac574232fd9f56c695691b96e64b11d2a59427f54
83,medium,false positive,V8,1358214,not recorded,P4HB,moved_toward_benign,moved_toward_pathogenic,0.403244439222074,0.403244439222074,false,false,FP,FP,moved_toward_pathogenic,0.31383375154496645,false,false,Uncertain significance,Benign,not recorded,unreviewed,missense,consequence=missense,not recorded,,possible weak feature signal,unverified,outputs/ai_temporal_v8/temporal_test_predictions.csv,13d366749fa913accbced30ac574232fd9f56c695691b96e64b11d2a59427f54
84,medium,false positive; V8/V7 disagreement,V8,1360281,not recorded,STAT4,moved_toward_benign,moved_toward_pathogenic,0.3996791847533945,0.3996791847533945,false,false,FP,FP,moved_toward_benign,0.22029526050553136,true,false,Uncertain significance,Likely benign,not recorded,unreviewed,missense,consequence=missense,not recorded,,possible weak feature signal,unverified,outputs/ai_temporal_v8/temporal_test_predictions.csv,13d366749fa913accbced30ac574232fd9f56c695691b96e64b11d2a59427f54
85,medium,false positive; V8/V7 disagreement,V8,1718030,not recorded,SOX11,moved_toward_benign,moved_toward_pathogenic,0.3985000227064132,0.3985000227064132,false,false,FP,FP,moved_toward_benign,0.21331152713226584,true,false,Uncertain significance,Likely benign,not recorded,unreviewed,missense,consequence=missense,not recorded,,possible weak feature signal,unverified,outputs/ai_temporal_v8/temporal_test_predictions.csv,13d366749fa913accbced30ac574232fd9f56c695691b96e64b11d2a59427f54
86,medium,false positive; V8/V7 disagreement,V8,1508049,not recorded,SOX9,moved_toward_benign,moved_toward_pathogenic,0.3922204085709789,0.3922204085709789,false,false,FP,FP,moved_toward_benign,0.19960060539017066,true,false,Uncertain significance,Likely benign,not recorded,unreviewed,missense,consequence=missense,not recorded,,possible weak feature signal,unverified,outputs/ai_temporal_v8/temporal_test_predictions.csv,13d366749fa913accbced30ac574232fd9f56c695691b96e64b11d2a59427f54
87,medium,false positive; V8/V7 disagreement,V8,1523590,not recorded,NFE2L2,moved_toward_benign,moved_toward_pathogenic,0.38644655607127015,0.38644655607127015,false,false,FP,FP,moved_toward_benign,0.21331152713226584,true,false,Uncertain significance,Benign,not recorded,unreviewed,missense,consequence=missense,not recorded,,possible weak feature signal,unverified,outputs/ai_temporal_v8/temporal_test_predictions.csv,13d366749fa913accbced30ac574232fd9f56c695691b96e64b11d2a59427f54
88,medium,false positive,V8,1410725,not recorded,KCND3,moved_toward_benign,moved_toward_pathogenic,0.37713752988550886,0.37713752988550886,false,false,FP,FP,moved_toward_pathogenic,0.34449406758118695,false,false,Uncertain significance,Likely benign,not recorded,unreviewed,missense,consequence=missense,not recorded,,possible weak feature signal,unverified,outputs/ai_temporal_v8/temporal_test_predictions.csv,13d366749fa913accbced30ac574232fd9f56c695691b96e64b11d2a59427f54
89,medium,false positive,V8,1444757,not recorded,ASXL2,moved_toward_benign,moved_toward_pathogenic,0.3745915315397886,0.3745915315397886,false,false,FP,FP,moved_toward_pathogenic,0.33906273539318926,false,false,Uncertain significance,Likely benign,not recorded,unreviewed,unrecognized,consequence=unrecognized,not recorded,,possible missing consequence,unverified,outputs/ai_temporal_v8/temporal_test_predictions.csv,13d366749fa913accbced30ac574232fd9f56c695691b96e64b11d2a59427f54
90,medium,false positive; V8/V7 disagreement,V8,2308472,not recorded,SPEN,moved_toward_benign,moved_toward_pathogenic,0.3743171965286271,0.3743171965286271,false,false,FP,FP,moved_toward_benign,0.2375565406539888,true,false,Uncertain significance,Likely benign,not recorded,unreviewed,missense,consequence=missense,not recorded,,possible weak feature signal,unverified,outputs/ai_temporal_v8/temporal_test_predictions.csv,13d366749fa913accbced30ac574232fd9f56c695691b96e64b11d2a59427f54
91,medium,false positive,V8,2210992,not recorded,MTFMT,moved_toward_benign,moved_toward_pathogenic,0.37213672750844745,0.37213672750844745,false,false,FP,FP,moved_toward_pathogenic,0.3311123258420362,false,false,Uncertain significance,Likely benign,not recorded,unreviewed,missense,consequence=missense,not recorded,,possible weak feature signal,unverified,outputs/ai_temporal_v8/temporal_test_predictions.csv,13d366749fa913accbced30ac574232fd9f56c695691b96e64b11d2a59427f54
92,medium,false positive; V8/V7 disagreement,V8,2099761,not recorded,MAST1,moved_toward_benign,moved_toward_pathogenic,0.37204469798756246,0.37204469798756246,false,false,FP,FP,moved_toward_benign,0.22029526050553136,true,false,Uncertain significance,Likely benign,not recorded,unreviewed,missense,consequence=missense,not recorded,,possible weak feature signal,unverified,outputs/ai_temporal_v8/temporal_test_predictions.csv,13d366749fa913accbced30ac574232fd9f56c695691b96e64b11d2a59427f54
93,medium,false positive,V8,1358885,not recorded,MYO15A,moved_toward_benign,moved_toward_pathogenic,0.3706502725675724,0.3706502725675724,false,false,FP,FP,moved_toward_pathogenic,0.4006513015550138,false,false,Uncertain significance,Likely benign,not recorded,unreviewed,missense,consequence=missense,not recorded,,possible weak feature signal,unverified,outputs/ai_temporal_v8/temporal_test_predictions.csv,13d366749fa913accbced30ac574232fd9f56c695691b96e64b11d2a59427f54
94,medium,false positive,V8,2655642,not recorded,KCNN2,moved_toward_benign,moved_toward_pathogenic,0.36791804457440874,0.36791804457440874,false,false,FP,FP,moved_toward_pathogenic,0.4787403787705892,false,false,Uncertain significance,Likely benign,not recorded,unreviewed,missense,consequence=missense,not recorded,,possible weak feature signal,unverified,outputs/ai_temporal_v8/temporal_test_predictions.csv,13d366749fa913accbced30ac574232fd9f56c695691b96e64b11d2a59427f54
95,medium,false positive,V8,1423291,not recorded,CYP4F22,moved_toward_benign,moved_toward_pathogenic,0.36079388541626045,0.36079388541626045,false,false,FP,FP,moved_toward_pathogenic,0.4006513015550138,false,false,Uncertain significance,Likely benign,not recorded,unreviewed,missense,consequence=missense,not recorded,,possible weak feature signal,unverified,outputs/ai_temporal_v8/temporal_test_predictions.csv,13d366749fa913accbced30ac574232fd9f56c695691b96e64b11d2a59427f54
96,medium,false positive,V8,1446180,not recorded,ETFB,moved_toward_benign,moved_toward_pathogenic,0.3553859829625787,0.3553859829625787,false,false,FP,FP,moved_toward_pathogenic,0.3115619900180327,false,false,Uncertain significance,Likely benign,not recorded,unreviewed,missense,consequence=missense,not recorded,,possible weak feature signal,unverified,outputs/ai_temporal_v8/temporal_test_predictions.csv,13d366749fa913accbced30ac574232fd9f56c695691b96e64b11d2a59427f54
97,medium,false positive,V8,1797356,not recorded,PHF8,moved_toward_benign,moved_toward_pathogenic,0.35305417649903975,0.35305417649903975,false,false,FP,FP,moved_toward_pathogenic,0.46613450032404674,false,false,Uncertain significance,Likely benign,not recorded,unreviewed,missense,consequence=missense,not recorded,,possible weak feature signal,unverified,outputs/ai_temporal_v8/temporal_test_predictions.csv,13d366749fa913accbced30ac574232fd9f56c695691b96e64b11d2a59427f54
98,medium,false positive; V8/V7 disagreement,V8,1481022,not recorded,RAD21,moved_toward_benign,moved_toward_pathogenic,0.3529893107466268,0.3529893107466268,false,false,FP,FP,moved_toward_benign,0.2323753028934531,true,false,Uncertain significance,Likely benign,not recorded,unreviewed,missense,consequence=missense,not recorded,,possible weak feature signal,unverified,outputs/ai_temporal_v8/temporal_test_predictions.csv,13d366749fa913accbced30ac574232fd9f56c695691b96e64b11d2a59427f54
99,medium,false positive; V8/V7 disagreement,V8,1504767,not recorded,NFE2L2,moved_toward_benign,moved_toward_pathogenic,0.3529893107466268,0.3529893107466268,false,false,FP,FP,moved_toward_benign,0.2159768967229677,true,false,Uncertain significance,Likely benign,not recorded,unreviewed,missense,consequence=missense,not recorded,,possible weak feature signal,unverified,outputs/ai_temporal_v8/temporal_test_predictions.csv,13d366749fa913accbced30ac574232fd9f56c695691b96e64b11d2a59427f54
100,medium,false positive; V8/V7 disagreement,V8,1412696,not recorded,CASZ1,moved_toward_benign,moved_toward_pathogenic,0.3529603817109909,0.3529603817109909,false,false,FP,FP,moved_toward_benign,0.22029526050553136,true,false,Uncertain significance,Likely benign,not recorded,unreviewed,missense,consequence=missense,not recorded,,possible weak feature signal,unverified,outputs/ai_temporal_v8/temporal_test_predictions.csv,13d366749fa913accbced30ac574232fd9f56c695691b96e64b11d2a59427f54
101,medium,false positive; V8/V7 disagreement,V8,2152101,not recorded,KRT17,moved_toward_benign,moved_toward_pathogenic,0.3528936853823114,0.3528936853823114,false,false,FP,FP,moved_toward_benign,0.10508126214295055,true,false,Uncertain significance,Likely benign,not recorded,unreviewed,missense,consequence=missense,not recorded,,possible weak feature signal,unverified,outputs/ai_temporal_v8/temporal_test_predictions.csv,13d366749fa913accbced30ac574232fd9f56c695691b96e64b11d2a59427f54
102,medium,false positive,V8,1768273,not recorded,TBR1,moved_toward_benign,moved_toward_pathogenic,0.34983679827076886,0.34983679827076886,false,false,FP,FP,moved_toward_pathogenic,0.46613450032404674,false,false,Uncertain significance,Likely benign,not recorded,unreviewed,missense,consequence=missense,not recorded,,possible weak feature signal,unverified,outputs/ai_temporal_v8/temporal_test_predictions.csv,13d366749fa913accbced30ac574232fd9f56c695691b96e64b11d2a59427f54
103,medium,false positive,V8,1746288,not recorded,GPIHBP1,moved_toward_benign,moved_toward_pathogenic,0.3476336335886846,0.3476336335886846,false,false,FP,FP,moved_toward_pathogenic,0.47218946705029263,false,false,Uncertain significance,Likely benign,not recorded,unreviewed,missense,consequence=missense,not recorded,,possible weak feature signal,unverified,outputs/ai_temporal_v8/temporal_test_predictions.csv,13d366749fa913accbced30ac574232fd9f56c695691b96e64b11d2a59427f54
104,medium,false positive; V8/V7 disagreement,V8,1401295,not recorded,ASXL2,moved_toward_benign,moved_toward_pathogenic,0.34696236350648746,0.34696236350648746,false,false,FP,FP,moved_toward_benign,0.14216636729706705,true,false,Uncertain significance,Benign/Likely benign,not recorded,unreviewed,missense,consequence=missense,not recorded,,possible weak feature signal,unverified,outputs/ai_temporal_v8/temporal_test_predictions.csv,13d366749fa913accbced30ac574232fd9f56c695691b96e64b11d2a59427f54
105,medium,false positive,V8,2408951,not recorded,PCDH12,moved_toward_benign,moved_toward_pathogenic,0.31634766633004036,0.31634766633004036,false,false,FP,FP,moved_toward_pathogenic,0.3424203378326788,false,false,Uncertain significance,Likely benign,not recorded,unreviewed,missense,consequence=missense,not recorded,,possible weak feature signal,unverified,outputs/ai_temporal_v8/temporal_test_predictions.csv,13d366749fa913accbced30ac574232fd9f56c695691b96e64b11d2a59427f54
106,medium,V8/V7 disagreement,V8,1412108,not recorded,KRT5,moved_toward_benign,moved_toward_benign,0.0019718677385765766,0.9980281322614234,false,true,TN,,moved_toward_pathogenic,0.4006513015550138,true,false,Uncertain significance,Likely benign,not recorded,unreviewed,missense,consequence=missense,not recorded,,possible weak feature signal,unverified,outputs/ai_temporal_v8/temporal_test_predictions.csv,13d366749fa913accbced30ac574232fd9f56c695691b96e64b11d2a59427f54
107,medium,V8/V7 disagreement,V8,2155139,not recorded,THAP11,moved_toward_benign,moved_toward_benign,0.07005669566242159,0.9299433043375784,false,true,TN,,moved_toward_pathogenic,0.33906273539318926,true,false,Uncertain significance,Likely benign,not recorded,unreviewed,inframe_indel,consequence=inframe_indel,not recorded,,possible weak feature signal,unverified,outputs/ai_temporal_v8/temporal_test_predictions.csv,13d366749fa913accbced30ac574232fd9f56c695691b96e64b11d2a59427f54
108,medium,V8/V7 disagreement,V8,2497591,not recorded,SPINK1,moved_toward_benign,moved_toward_benign,0.12549577308182644,0.8745042269181735,false,true,TN,,moved_toward_pathogenic,0.47218946705029263,true,false,Uncertain significance,Likely benign,not recorded,unreviewed,missense,consequence=missense,not recorded,,possible weak feature signal,unverified,outputs/ai_temporal_v8/temporal_test_predictions.csv,13d366749fa913accbced30ac574232fd9f56c695691b96e64b11d2a59427f54
109,medium,V8/V7 disagreement,V8,2654128,not recorded,PLXND1,moved_toward_benign,moved_toward_benign,0.12577998727672174,0.8742200127232782,false,true,TN,,moved_toward_pathogenic,0.4675591375045049,true,false,Uncertain significance,Likely benign,not recorded,unreviewed,missense,consequence=missense,not recorded,,possible weak feature signal,unverified,outputs/ai_temporal_v8/temporal_test_predictions.csv,13d366749fa913accbced30ac574232fd9f56c695691b96e64b11d2a59427f54
110,medium,V8/V7 disagreement,V8,2079746,not recorded,DEAF1,moved_toward_benign,moved_toward_benign,0.13307413840454724,0.8669258615954527,false,true,TN,,moved_toward_pathogenic,0.31383375154496645,true,false,Uncertain significance,Likely benign,not recorded,unreviewed,missense,consequence=missense,not recorded,,possible weak feature signal,unverified,outputs/ai_temporal_v8/temporal_test_predictions.csv,13d366749fa913accbced30ac574232fd9f56c695691b96e64b11d2a59427f54
111,medium,V8/V7 disagreement,V8,2192302,not recorded,DNMT3A,moved_toward_benign,moved_toward_benign,0.13510546693907996,0.86489453306092,false,true,TN,,moved_toward_pathogenic,0.47218946705029263,true,false,Uncertain significance,Likely benign,not recorded,unreviewed,missense,consequence=missense,not recorded,,possible weak feature signal,unverified,outputs/ai_temporal_v8/temporal_test_predictions.csv,13d366749fa913accbced30ac574232fd9f56c695691b96e64b11d2a59427f54
112,medium,V8/V7 disagreement,V8,1419503,not recorded,FGFR1,moved_toward_benign,moved_toward_benign,0.14179926788536618,0.8582007321146339,false,true,TN,,moved_toward_pathogenic,0.3076211661679912,true,false,Uncertain significance,Likely benign,not recorded,unreviewed,missense,consequence=missense,not recorded,,possible weak feature signal,unverified,outputs/ai_temporal_v8/temporal_test_predictions.csv,13d366749fa913accbced30ac574232fd9f56c695691b96e64b11d2a59427f54
113,medium,V8/V7 disagreement,V8,2049871,not recorded,TECTA,moved_toward_benign,moved_toward_benign,0.1455230840058064,0.8544769159941936,false,true,TN,,moved_toward_pathogenic,0.3844555055711162,true,false,Uncertain significance,Likely benign,not recorded,unreviewed,missense,consequence=missense,not recorded,,possible weak feature signal,unverified,outputs/ai_temporal_v8/temporal_test_predictions.csv,13d366749fa913accbced30ac574232fd9f56c695691b96e64b11d2a59427f54
114,medium,V8/V7 disagreement,V8,2433047,not recorded,KCNT2,moved_toward_benign,moved_toward_benign,0.14571738916707414,0.8542826108329259,false,true,TN,,moved_toward_pathogenic,0.32932102317676415,true,false,Uncertain significance,Likely benign,not recorded,unreviewed,missense,consequence=missense,not recorded,,possible weak feature signal,unverified,outputs/ai_temporal_v8/temporal_test_predictions.csv,13d366749fa913accbced30ac574232fd9f56c695691b96e64b11d2a59427f54
115,medium,V8/V7 disagreement,V8,1343755,not recorded,PTCHD1,moved_toward_benign,moved_toward_benign,0.14696920297383495,0.853030797026165,false,true,TN,,moved_toward_pathogenic,0.32932102317676415,true,false,Uncertain significance,Likely benign,not recorded,unreviewed,missense,consequence=missense,not recorded,,possible weak feature signal,unverified,outputs/ai_temporal_v8/temporal_test_predictions.csv,13d366749fa913accbced30ac574232fd9f56c695691b96e64b11d2a59427f54
116,medium,V8/V7 disagreement,V8,1350915,not recorded,B3GLCT,moved_toward_benign,moved_toward_benign,0.15539706612357881,0.8446029338764212,false,true,TN,,moved_toward_pathogenic,0.3424203378326788,true,false,Uncertain significance,Likely benign,not recorded,unreviewed,missense,consequence=missense,not recorded,,possible weak feature signal,unverified,outputs/ai_temporal_v8/temporal_test_predictions.csv,13d366749fa913accbced30ac574232fd9f56c695691b96e64b11d2a59427f54
117,medium,V8/V7 disagreement,V8,1722787,not recorded,GRIA1,moved_toward_benign,moved_toward_benign,0.1640361472890689,0.8359638527109311,false,true,TN,,moved_toward_pathogenic,0.3678398013925165,true,false,Uncertain significance,Likely benign,not recorded,unreviewed,missense,consequence=missense,not recorded,,possible weak feature signal,unverified,outputs/ai_temporal_v8/temporal_test_predictions.csv,13d366749fa913accbced30ac574232fd9f56c695691b96e64b11d2a59427f54
118,medium,V8/V7 disagreement; stable correct sample,V8,1401251,not recorded,IFITM5,moved_toward_benign,moved_toward_benign,0.17045168629038188,0.8295483137096181,false,true,TN,,moved_toward_pathogenic,0.3863739366663815,true,true,Uncertain significance,Benign/Likely benign,not recorded,unreviewed,missense,consequence=missense,not recorded,,possible weak feature signal,unverified,outputs/ai_temporal_v8/temporal_test_predictions.csv,13d366749fa913accbced30ac574232fd9f56c695691b96e64b11d2a59427f54
119,medium,V8/V7 disagreement,V8,2660398,not recorded,RBM10,moved_toward_benign,moved_toward_benign,0.17066303260864513,0.8293369673913549,false,true,TN,,moved_toward_pathogenic,0.5895497692256777,true,false,Uncertain significance,Likely benign,not recorded,unreviewed,missense,consequence=missense,not recorded,,possible weak feature signal,unverified,outputs/ai_temporal_v8/temporal_test_predictions.csv,13d366749fa913accbced30ac574232fd9f56c695691b96e64b11d2a59427f54
120,medium,V8/V7 disagreement,V8,1718471,not recorded,BCAP31,moved_toward_pathogenic,moved_toward_pathogenic,0.8272041404715832,0.8272041404715832,false,true,TP,,moved_toward_benign,0.21331152713226584,true,false,Uncertain significance,Likely pathogenic,not recorded,unreviewed,missense,consequence=missense,not recorded,,possible weak feature signal,unverified,outputs/ai_temporal_v8/temporal_test_predictions.csv,13d366749fa913accbced30ac574232fd9f56c695691b96e64b11d2a59427f54
121,medium,V8/V7 disagreement,V8,1701184,not recorded,C1R,moved_toward_benign,moved_toward_benign,0.1837094003009889,0.8162905996990111,false,true,TN,,moved_toward_pathogenic,0.5895497692256777,true,false,Uncertain significance,Likely benign,not recorded,unreviewed,missense,consequence=missense,not recorded,,possible weak feature signal,unverified,outputs/ai_temporal_v8/temporal_test_predictions.csv,13d366749fa913accbced30ac574232fd9f56c695691b96e64b11d2a59427f54
122,medium,V8/V7 disagreement,V8,2083393,not recorded,TUBB3,moved_toward_benign,moved_toward_benign,0.19457478620765606,0.8054252137923439,false,true,TN,,moved_toward_pathogenic,0.31383375154496645,true,false,Uncertain significance,Benign,not recorded,unreviewed,missense,consequence=missense,not recorded,,possible weak feature signal,unverified,outputs/ai_temporal_v8/temporal_test_predictions.csv,13d366749fa913accbced30ac574232fd9f56c695691b96e64b11d2a59427f54
123,medium,V8/V7 disagreement,V8,2550055,not recorded,BRPF1,moved_toward_benign,moved_toward_benign,0.1949896236817704,0.8050103763182296,false,true,TN,,moved_toward_pathogenic,0.5570217052307858,true,false,Uncertain significance,Likely benign,not recorded,unreviewed,missense,consequence=missense,not recorded,,possible weak feature signal,unverified,outputs/ai_temporal_v8/temporal_test_predictions.csv,13d366749fa913accbced30ac574232fd9f56c695691b96e64b11d2a59427f54
124,medium,V8/V7 disagreement,V8,2629016,not recorded,SLC10A1,moved_toward_benign,moved_toward_benign,0.20302967349140577,0.7969703265085942,false,true,TN,,moved_toward_pathogenic,0.4833809111570796,true,false,Uncertain significance,Likely benign,not recorded,unreviewed,missense,consequence=missense,not recorded,,possible weak feature signal,unverified,outputs/ai_temporal_v8/temporal_test_predictions.csv,13d366749fa913accbced30ac574232fd9f56c695691b96e64b11d2a59427f54
125,medium,V8/V7 disagreement,V8,2142531,not recorded,ASXL2,moved_toward_benign,moved_toward_benign,0.21140876385439292,0.7885912361456071,false,true,TN,,moved_toward_pathogenic,0.31383375154496645,true,false,Uncertain significance,Benign/Likely benign,not recorded,unreviewed,missense,consequence=missense,not recorded,,possible weak feature signal,unverified,outputs/ai_temporal_v8/temporal_test_predictions.csv,13d366749fa913accbced30ac574232fd9f56c695691b96e64b11d2a59427f54
126,medium,V8/V7 disagreement,V8,1444125,not recorded,ASXL2,moved_toward_benign,moved_toward_benign,0.21173002206433475,0.7882699779356652,false,true,TN,,moved_toward_pathogenic,0.3678398013925165,true,false,Uncertain significance,Benign/Likely benign,not recorded,unreviewed,missense,consequence=missense,not recorded,,possible weak feature signal,unverified,outputs/ai_temporal_v8/temporal_test_predictions.csv,13d366749fa913accbced30ac574232fd9f56c695691b96e64b11d2a59427f54
127,medium,V8/V7 disagreement,V8,2646459,not recorded,SETD1A,moved_toward_benign,moved_toward_benign,0.2118671255107802,0.7881328744892198,false,true,TN,,moved_toward_pathogenic,0.4675591375045049,true,false,Uncertain significance,Likely benign,not recorded,unreviewed,missense,consequence=missense,not recorded,,possible weak feature signal,unverified,outputs/ai_temporal_v8/temporal_test_predictions.csv,13d366749fa913accbced30ac574232fd9f56c695691b96e64b11d2a59427f54
128,medium,V8/V7 disagreement,V8,1805410,not recorded,CHD1,moved_toward_benign,moved_toward_benign,0.21255072928393037,0.7874492707160696,false,true,TN,,moved_toward_pathogenic,0.319104986627024,true,false,Uncertain significance,Likely benign,not recorded,unreviewed,missense,consequence=missense,not recorded,,possible weak feature signal,unverified,outputs/ai_temporal_v8/temporal_test_predictions.csv,13d366749fa913accbced30ac574232fd9f56c695691b96e64b11d2a59427f54
129,medium,V8/V7 disagreement,V8,2178862,not recorded,ITGB4,moved_toward_benign,moved_toward_benign,0.21739098793318745,0.7826090120668125,false,true,TN,,moved_toward_pathogenic,0.3844555055711162,true,false,Uncertain significance,Likely benign,not recorded,unreviewed,missense,consequence=missense,not recorded,,possible weak feature signal,unverified,outputs/ai_temporal_v8/temporal_test_predictions.csv,13d366749fa913accbced30ac574232fd9f56c695691b96e64b11d2a59427f54
130,medium,V8/V7 disagreement,V8,2185314,not recorded,TSEN54,moved_toward_benign,moved_toward_benign,0.21741365190550294,0.782586348094497,false,true,TN,,moved_toward_pathogenic,0.3844555055711162,true,false,Uncertain significance,Likely benign,not recorded,unreviewed,missense,consequence=missense,not recorded,,possible weak feature signal,unverified,outputs/ai_temporal_v8/temporal_test_predictions.csv,13d366749fa913accbced30ac574232fd9f56c695691b96e64b11d2a59427f54
131,medium,V8/V7 disagreement,V8,1778128,not recorded,MLH3,moved_toward_benign,moved_toward_benign,0.21901273240894867,0.7809872675910513,false,true,TN,,moved_toward_pathogenic,0.32932102317676415,true,false,Uncertain significance,Likely benign,not recorded,unreviewed,missense,consequence=missense,not recorded,,possible weak feature signal,unverified,outputs/ai_temporal_v8/temporal_test_predictions.csv,13d366749fa913accbced30ac574232fd9f56c695691b96e64b11d2a59427f54
132,medium,V8/V7 disagreement,V8,2046453,not recorded,DVL3,moved_toward_benign,moved_toward_benign,0.22174999073316748,0.7782500092668325,false,true,TN,,moved_toward_pathogenic,0.31383375154496645,true,false,Uncertain significance,Likely benign,not recorded,unreviewed,missense,consequence=missense,not recorded,,possible weak feature signal,unverified,outputs/ai_temporal_v8/temporal_test_predictions.csv,13d366749fa913accbced30ac574232fd9f56c695691b96e64b11d2a59427f54
133,medium,V8/V7 disagreement,V8,2432315,not recorded,GSR,moved_toward_benign,moved_toward_benign,0.22492315867008034,0.7750768413299196,false,true,TN,,moved_toward_pathogenic,0.34449406758118695,true,false,Uncertain significance,Likely benign,not recorded,unreviewed,missense,consequence=missense,not recorded,,possible weak feature signal,unverified,outputs/ai_temporal_v8/temporal_test_predictions.csv,13d366749fa913accbced30ac574232fd9f56c695691b96e64b11d2a59427f54
134,medium,V8/V7 disagreement,V8,1381949,not recorded,ARCN1,moved_toward_benign,moved_toward_benign,0.225022002900577,0.774977997099423,false,true,TN,,moved_toward_pathogenic,0.31383375154496645,true,false,Uncertain significance,Likely benign,not recorded,unreviewed,missense,consequence=missense,not recorded,,possible weak feature signal,unverified,outputs/ai_temporal_v8/temporal_test_predictions.csv,13d366749fa913accbced30ac574232fd9f56c695691b96e64b11d2a59427f54
135,medium,V8/V7 disagreement,V8,1983912,not recorded,FGD1,moved_toward_benign,moved_toward_benign,0.22687701114292458,0.7731229888570754,false,true,TN,,moved_toward_pathogenic,0.30339931876635756,true,false,Uncertain significance,Likely benign,not recorded,unreviewed,missense,consequence=missense,not recorded,,possible weak feature signal,unverified,outputs/ai_temporal_v8/temporal_test_predictions.csv,13d366749fa913accbced30ac574232fd9f56c695691b96e64b11d2a59427f54
136,medium,V8/V7 disagreement,V8,2291740,not recorded,BCAS3,moved_toward_benign,moved_toward_benign,0.22755904285082615,0.7724409571491738,false,true,TN,,moved_toward_pathogenic,0.3076211661679912,true,false,Uncertain significance,Likely benign,not recorded,unreviewed,missense,consequence=missense,not recorded,,possible weak feature signal,unverified,outputs/ai_temporal_v8/temporal_test_predictions.csv,13d366749fa913accbced30ac574232fd9f56c695691b96e64b11d2a59427f54
137,medium,V8/V7 disagreement,V8,2656299,not recorded,H1-4,moved_toward_benign,moved_toward_benign,0.2285220711292773,0.7714779288707228,false,true,TN,,moved_toward_pathogenic,0.3678398013925165,true,false,Uncertain significance,Likely benign,not recorded,unreviewed,missense,consequence=missense,not recorded,,possible weak feature signal,unverified,outputs/ai_temporal_v8/temporal_test_predictions.csv,13d366749fa913accbced30ac574232fd9f56c695691b96e64b11d2a59427f54
138,medium,V8/V7 disagreement,V8,1414256,not recorded,HMCN1,moved_toward_benign,moved_toward_benign,0.22946556711907576,0.7705344328809243,false,true,TN,,moved_toward_pathogenic,0.3844555055711162,true,false,Uncertain significance,Likely benign,not recorded,unreviewed,missense,consequence=missense,not recorded,,possible weak feature signal,unverified,outputs/ai_temporal_v8/temporal_test_predictions.csv,13d366749fa913accbced30ac574232fd9f56c695691b96e64b11d2a59427f54
139,medium,V8/V7 disagreement,V8,2158026,not recorded,TRPV3,moved_toward_benign,moved_toward_benign,0.23028631700141158,0.7697136829985884,false,true,TN,,moved_toward_pathogenic,0.3844555055711162,true,false,Uncertain significance,Likely benign,not recorded,unreviewed,missense,consequence=missense,not recorded,,possible weak feature signal,unverified,outputs/ai_temporal_v8/temporal_test_predictions.csv,13d366749fa913accbced30ac574232fd9f56c695691b96e64b11d2a59427f54
140,medium,V8/V7 disagreement,V8,1480969,not recorded,ASXL2,moved_toward_benign,moved_toward_benign,0.23040856357226858,0.7695914364277314,false,true,TN,,moved_toward_pathogenic,0.3678398013925165,true,false,Uncertain significance,Benign,not recorded,unreviewed,missense,consequence=missense,not recorded,,possible weak feature signal,unverified,outputs/ai_temporal_v8/temporal_test_predictions.csv,13d366749fa913accbced30ac574232fd9f56c695691b96e64b11d2a59427f54
141,medium,V8/V7 disagreement,V8,1928681,not recorded,NFE2L2,moved_toward_benign,moved_toward_benign,0.23242284949944353,0.7675771505005564,false,true,TN,,moved_toward_pathogenic,0.5983074618031374,true,false,Uncertain significance,Likely benign,not recorded,unreviewed,inframe_indel,consequence=inframe_indel,not recorded,,possible weak feature signal,unverified,outputs/ai_temporal_v8/temporal_test_predictions.csv,13d366749fa913accbced30ac574232fd9f56c695691b96e64b11d2a59427f54
142,medium,V8/V7 disagreement,V8,1354065,not recorded,ASXL2,moved_toward_benign,moved_toward_benign,0.23477709330713892,0.7652229066928611,false,true,TN,,moved_toward_pathogenic,0.3863739366663815,true,false,Uncertain significance,Benign,not recorded,unreviewed,missense,consequence=missense,not recorded,,possible weak feature signal,unverified,outputs/ai_temporal_v8/temporal_test_predictions.csv,13d366749fa913accbced30ac574232fd9f56c695691b96e64b11d2a59427f54
143,medium,V8/V7 disagreement,V8,1486840,not recorded,RAB11A,moved_toward_benign,moved_toward_benign,0.239451733534801,0.760548266465199,false,true,TN,,moved_toward_pathogenic,0.3844555055711162,true,false,Uncertain significance,Likely benign,not recorded,unreviewed,missense,consequence=missense,not recorded,,possible weak feature signal,unverified,outputs/ai_temporal_v8/temporal_test_predictions.csv,13d366749fa913accbced30ac574232fd9f56c695691b96e64b11d2a59427f54
144,medium,V8/V7 disagreement,V8,1504575,not recorded,UBR1,moved_toward_benign,moved_toward_benign,0.23977984032909191,0.7602201596709081,false,true,TN,,moved_toward_pathogenic,0.4442978228659409,true,false,Uncertain significance,Benign,not recorded,unreviewed,missense,consequence=missense,not recorded,,possible weak feature signal,unverified,outputs/ai_temporal_v8/temporal_test_predictions.csv,13d366749fa913accbced30ac574232fd9f56c695691b96e64b11d2a59427f54
145,medium,V8/V7 disagreement,V8,1361293,not recorded,SOX9,moved_toward_benign,moved_toward_benign,0.2403967505882198,0.7596032494117801,false,true,TN,,moved_toward_pathogenic,0.34449406758118695,true,false,Uncertain significance,Benign,not recorded,unreviewed,missense,consequence=missense,not recorded,,possible weak feature signal,unverified,outputs/ai_temporal_v8/temporal_test_predictions.csv,13d366749fa913accbced30ac574232fd9f56c695691b96e64b11d2a59427f54
146,medium,V8/V7 disagreement,V8,2230521,not recorded,TBC1D20,moved_toward_benign,moved_toward_benign,0.2465925788795186,0.7534074211204814,false,true,TN,,moved_toward_pathogenic,0.3842929970811828,true,false,Uncertain significance,Likely benign,not recorded,unreviewed,missense,consequence=missense,not recorded,,possible weak feature signal,unverified,outputs/ai_temporal_v8/temporal_test_predictions.csv,13d366749fa913accbced30ac574232fd9f56c695691b96e64b11d2a59427f54
147,medium,V8/V7 disagreement,V8,2534486,not recorded,POU3F3,moved_toward_benign,moved_toward_benign,0.25066557848597404,0.749334421514026,false,true,TN,,moved_toward_pathogenic,0.4833809111570796,true,false,Uncertain significance,Likely benign,not recorded,unreviewed,missense,consequence=missense,not recorded,,possible weak feature signal,unverified,outputs/ai_temporal_v8/temporal_test_predictions.csv,13d366749fa913accbced30ac574232fd9f56c695691b96e64b11d2a59427f54
148,medium,V8/V7 disagreement,V8,2489661,not recorded,SIX5,moved_toward_benign,moved_toward_benign,0.2519052679676017,0.7480947320323983,false,true,TN,,moved_toward_pathogenic,0.4833809111570796,true,false,Uncertain significance,Likely benign,not recorded,unreviewed,missense,consequence=missense,not recorded,,possible weak feature signal,unverified,outputs/ai_temporal_v8/temporal_test_predictions.csv,13d366749fa913accbced30ac574232fd9f56c695691b96e64b11d2a59427f54
149,medium,V8/V7 disagreement,V8,2635736,not recorded,NRP2,moved_toward_benign,moved_toward_benign,0.25255289067422954,0.7474471093257704,false,true,TN,,moved_toward_pathogenic,0.4833809111570796,true,false,Uncertain significance,Likely benign,not recorded,unreviewed,missense,consequence=missense,not recorded,,possible weak feature signal,unverified,outputs/ai_temporal_v8/temporal_test_predictions.csv,13d366749fa913accbced30ac574232fd9f56c695691b96e64b11d2a59427f54
150,medium,V8/V7 disagreement,V8,2358538,not recorded,WDR4,moved_toward_benign,moved_toward_benign,0.2556366310376025,0.7443633689623975,false,true,TN,,moved_toward_pathogenic,0.47218946705029263,true,false,Uncertain significance,Likely benign,not recorded,unreviewed,missense,consequence=missense,not recorded,,possible weak feature signal,unverified,outputs/ai_temporal_v8/temporal_test_predictions.csv,13d366749fa913accbced30ac574232fd9f56c695691b96e64b11d2a59427f54
151,medium,V8/V7 disagreement,V8,2374287,not recorded,PSMD12,moved_toward_benign,moved_toward_benign,0.2558262099154115,0.7441737900845885,false,true,TN,,moved_toward_pathogenic,0.47218946705029263,true,false,Uncertain significance,Likely benign,not recorded,unreviewed,missense,consequence=missense,not recorded,,possible weak feature signal,unverified,outputs/ai_temporal_v8/temporal_test_predictions.csv,13d366749fa913accbced30ac574232fd9f56c695691b96e64b11d2a59427f54
152,medium,V8/V7 disagreement,V8,1789882,not recorded,MLH3,moved_toward_benign,moved_toward_benign,0.25604437496425997,0.74395562503574,false,true,TN,,moved_toward_pathogenic,0.35347188659376344,true,false,Uncertain significance,Likely benign,not recorded,unreviewed,missense,consequence=missense,not recorded,,possible weak feature signal,unverified,outputs/ai_temporal_v8/temporal_test_predictions.csv,13d366749fa913accbced30ac574232fd9f56c695691b96e64b11d2a59427f54
153,medium,V8/V7 disagreement,V8,2634496,not recorded,PLXNA3,moved_toward_benign,moved_toward_benign,0.2669944833514511,0.733005516648549,false,true,TN,,moved_toward_pathogenic,0.4833809111570796,true,false,Uncertain significance,Likely benign,not recorded,unreviewed,missense,consequence=missense,not recorded,,possible weak feature signal,unverified,outputs/ai_temporal_v8/temporal_test_predictions.csv,13d366749fa913accbced30ac574232fd9f56c695691b96e64b11d2a59427f54
154,medium,V8/V7 disagreement,V8,2144392,not recorded,FGFR3,moved_toward_benign,moved_toward_benign,0.26839490526905385,0.7316050947309461,false,true,TN,,moved_toward_pathogenic,0.3678398013925165,true,false,Uncertain significance,Benign/Likely benign,not recorded,unreviewed,missense,consequence=missense,not recorded,,possible weak feature signal,unverified,outputs/ai_temporal_v8/temporal_test_predictions.csv,13d366749fa913accbced30ac574232fd9f56c695691b96e64b11d2a59427f54
155,medium,V8/V7 disagreement,V8,2165251,not recorded,TECTA,moved_toward_benign,moved_toward_benign,0.2684571881063961,0.7315428118936038,false,true,TN,,moved_toward_pathogenic,0.3678398013925165,true,false,Uncertain significance,Likely benign,not recorded,unreviewed,missense,consequence=missense,not recorded,,possible weak feature signal,unverified,outputs/ai_temporal_v8/temporal_test_predictions.csv,13d366749fa913accbced30ac574232fd9f56c695691b96e64b11d2a59427f54
156,medium,V8/V7 disagreement,V8,2628758,not recorded,ADCY3,moved_toward_benign,moved_toward_benign,0.27124215886111885,0.7287578411388811,false,true,TN,,moved_toward_pathogenic,0.4833809111570796,true,false,Uncertain significance,Likely benign,not recorded,unreviewed,missense,consequence=missense,not recorded,,possible weak feature signal,unverified,outputs/ai_temporal_v8/temporal_test_predictions.csv,13d366749fa913accbced30ac574232fd9f56c695691b96e64b11d2a59427f54
157,medium,V8/V7 disagreement,V8,2398873,not recorded,DHX30,moved_toward_benign,moved_toward_benign,0.27681413934776916,0.7231858606522308,false,true,TN,,moved_toward_pathogenic,0.47218946705029263,true,false,Uncertain significance,Likely benign,not recorded,unreviewed,missense,consequence=missense,not recorded,,possible weak feature signal,unverified,outputs/ai_temporal_v8/temporal_test_predictions.csv,13d366749fa913accbced30ac574232fd9f56c695691b96e64b11d2a59427f54
158,medium,V8/V7 disagreement,V8,2660560,not recorded,SHROOM4,moved_toward_benign,moved_toward_benign,0.2796640788263324,0.7203359211736676,false,true,TN,,moved_toward_pathogenic,0.4787403787705892,true,false,Uncertain significance,Likely benign,not recorded,unreviewed,missense,consequence=missense,not recorded,,possible weak feature signal,unverified,outputs/ai_temporal_v8/temporal_test_predictions.csv,13d366749fa913accbced30ac574232fd9f56c695691b96e64b11d2a59427f54
159,medium,V8/V7 disagreement,V8,1983897,not recorded,NFE2L2,moved_toward_benign,moved_toward_benign,0.2824155727679697,0.7175844272320303,false,true,TN,,moved_toward_pathogenic,0.3844555055711162,true,false,Uncertain significance,Benign,not recorded,unreviewed,missense,consequence=missense,not recorded,,possible weak feature signal,unverified,outputs/ai_temporal_v8/temporal_test_predictions.csv,13d366749fa913accbced30ac574232fd9f56c695691b96e64b11d2a59427f54
160,medium,V8/V7 disagreement,V8,1694545,not recorded,WDR26,moved_toward_benign,moved_toward_benign,0.28325836471736804,0.7167416352826319,false,true,TN,,moved_toward_pathogenic,0.3678398013925165,true,false,Uncertain significance,Likely benign,not recorded,unreviewed,missense,consequence=missense,not recorded,,possible weak feature signal,unverified,outputs/ai_temporal_v8/temporal_test_predictions.csv,13d366749fa913accbced30ac574232fd9f56c695691b96e64b11d2a59427f54
161,medium,V8/V7 disagreement; stable correct sample,V8,2010398,not recorded,NFE2L2,moved_toward_benign,moved_toward_benign,0.2838037236544349,0.7161962763455652,false,true,TN,,moved_toward_pathogenic,0.31383375154496645,true,true,Uncertain significance,Benign,not recorded,unreviewed,missense,consequence=missense,not recorded,,possible weak feature signal,unverified,outputs/ai_temporal_v8/temporal_test_predictions.csv,13d366749fa913accbced30ac574232fd9f56c695691b96e64b11d2a59427f54
162,medium,V8/V7 disagreement,V8,2187196,not recorded,RBM10,moved_toward_benign,moved_toward_benign,0.29384883901156716,0.7061511609884328,false,true,TN,,moved_toward_pathogenic,0.30339931876635756,true,false,Uncertain significance,Benign/Likely benign,not recorded,unreviewed,missense,consequence=missense,not recorded,,possible weak feature signal,unverified,outputs/ai_temporal_v8/temporal_test_predictions.csv,13d366749fa913accbced30ac574232fd9f56c695691b96e64b11d2a59427f54
163,medium,V8/V7 disagreement,V8,1925971,not recorded,SOX11,moved_toward_benign,moved_toward_benign,0.2946554684410101,0.7053445315589899,false,true,TN,,moved_toward_pathogenic,0.30339931876635756,true,false,Uncertain significance,Benign,not recorded,unreviewed,missense,consequence=missense,not recorded,,possible weak feature signal,unverified,outputs/ai_temporal_v8/temporal_test_predictions.csv,13d366749fa913accbced30ac574232fd9f56c695691b96e64b11d2a59427f54
164,medium,V8/V7 disagreement,V8,2248272,not recorded,GANAB,moved_toward_benign,moved_toward_benign,0.2980373099336902,0.7019626900663098,false,true,TN,,moved_toward_pathogenic,0.3424203378326788,true,false,Uncertain significance,Likely benign,not recorded,unreviewed,missense,consequence=missense,not recorded,,possible weak feature signal,unverified,outputs/ai_temporal_v8/temporal_test_predictions.csv,13d366749fa913accbced30ac574232fd9f56c695691b96e64b11d2a59427f54
165,medium,V8/V7 disagreement,V8,2625023,not recorded,SCN2B,moved_toward_benign,moved_toward_benign,0.2994743850008216,0.7005256149991784,false,true,TN,,moved_toward_pathogenic,0.5940403308783316,true,false,Uncertain significance,Likely benign,not recorded,unreviewed,missense,consequence=missense,not recorded,,possible weak feature signal,unverified,outputs/ai_temporal_v8/temporal_test_predictions.csv,13d366749fa913accbced30ac574232fd9f56c695691b96e64b11d2a59427f54
166,medium,V8/V7 disagreement,V8,2034753,not recorded,DEAF1,moved_toward_pathogenic,moved_toward_pathogenic,0.6994000855784079,0.6994000855784079,false,true,TP,,moved_toward_benign,0.1007402875872402,true,false,Uncertain significance,Pathogenic/Likely pathogenic,not recorded,unreviewed,missense,consequence=missense,not recorded,,possible weak feature signal,unverified,outputs/ai_temporal_v8/temporal_test_predictions.csv,13d366749fa913accbced30ac574232fd9f56c695691b96e64b11d2a59427f54
167,medium,V8/V7 disagreement,V8,2150757,not recorded,SOX9,moved_toward_benign,moved_toward_benign,0.3016285127519679,0.6983714872480321,false,true,TN,,moved_toward_pathogenic,0.3076211661679912,true,false,Uncertain significance,Likely benign,not recorded,unreviewed,missense,consequence=missense,not recorded,,possible weak feature signal,unverified,outputs/ai_temporal_v8/temporal_test_predictions.csv,13d366749fa913accbced30ac574232fd9f56c695691b96e64b11d2a59427f54
168,medium,V8/V7 disagreement,V8,2148596,not recorded,ERCC6,moved_toward_benign,moved_toward_benign,0.3046309801926914,0.6953690198073086,false,true,TN,,moved_toward_pathogenic,0.3844555055711162,true,false,Uncertain significance,Likely benign,not recorded,unreviewed,missense,consequence=missense,not recorded,,possible weak feature signal,unverified,outputs/ai_temporal_v8/temporal_test_predictions.csv,13d366749fa913accbced30ac574232fd9f56c695691b96e64b11d2a59427f54
169,medium,V8/V7 disagreement,V8,2069159,not recorded,RAD51,moved_toward_benign,moved_toward_benign,0.30535599608425784,0.6946440039157422,false,true,TN,,moved_toward_pathogenic,0.3844555055711162,true,false,Uncertain significance,Likely benign,not recorded,unreviewed,missense,consequence=missense,not recorded,,possible weak feature signal,unverified,outputs/ai_temporal_v8/temporal_test_predictions.csv,13d366749fa913accbced30ac574232fd9f56c695691b96e64b11d2a59427f54
170,medium,V8/V7 disagreement,V8,2228504,not recorded,GLI2,moved_toward_benign,moved_toward_benign,0.30782356345184997,0.69217643654815,false,true,TN,,moved_toward_pathogenic,0.46677133425548684,true,false,Uncertain significance,Likely benign,not recorded,unreviewed,missense,consequence=missense,not recorded,,possible weak feature signal,unverified,outputs/ai_temporal_v8/temporal_test_predictions.csv,13d366749fa913accbced30ac574232fd9f56c695691b96e64b11d2a59427f54
171,medium,V8/V7 disagreement,V8,2578652,not recorded,EIF3F,moved_toward_benign,moved_toward_benign,0.3078687532056959,0.6921312467943042,false,true,TN,,moved_toward_pathogenic,0.5895497692256777,true,false,Uncertain significance,Likely benign,not recorded,unreviewed,missense,consequence=missense,not recorded,,possible weak feature signal,unverified,outputs/ai_temporal_v8/temporal_test_predictions.csv,13d366749fa913accbced30ac574232fd9f56c695691b96e64b11d2a59427f54
172,medium,V8/V7 disagreement,V8,2388225,not recorded,PTPN4,moved_toward_benign,moved_toward_benign,0.3136618729568434,0.6863381270431566,false,true,TN,,moved_toward_pathogenic,0.37498245891505255,true,false,Uncertain significance,Likely benign,not recorded,unreviewed,missense,consequence=missense,not recorded,,possible weak feature signal,unverified,outputs/ai_temporal_v8/temporal_test_predictions.csv,13d366749fa913accbced30ac574232fd9f56c695691b96e64b11d2a59427f54
173,medium,V8/V7 disagreement,V8,2138780,not recorded,AVPR2,moved_toward_pathogenic,moved_toward_pathogenic,0.5505714019984739,0.5505714019984739,false,true,TP,,moved_toward_benign,0.08216722174561292,true,false,Uncertain significance,Likely pathogenic,not recorded,unreviewed,missense,consequence=missense,not recorded,,possible weak feature signal,unverified,outputs/ai_temporal_v8/temporal_test_predictions.csv,13d366749fa913accbced30ac574232fd9f56c695691b96e64b11d2a59427f54
174,medium,V8/V7 disagreement,V8,2138308,not recorded,CALM3,moved_toward_pathogenic,moved_toward_pathogenic,0.47658087550918943,0.47658087550918943,false,true,TP,,moved_toward_benign,0.23018714521261868,true,false,Uncertain significance,Pathogenic,not recorded,unreviewed,missense,consequence=missense,not recorded,,possible weak feature signal,unverified,outputs/ai_temporal_v8/temporal_test_predictions.csv,13d366749fa913accbced30ac574232fd9f56c695691b96e64b11d2a59427f54
175,medium,V8/V7 disagreement,V8,2159554,not recorded,GPR143,moved_toward_pathogenic,moved_toward_pathogenic,0.45489902613017136,0.45489902613017136,false,true,TP,,moved_toward_benign,0.2076013445206413,true,false,Uncertain significance,Likely pathogenic,not recorded,unreviewed,missense,consequence=missense,not recorded,,possible weak feature signal,unverified,outputs/ai_temporal_v8/temporal_test_predictions.csv,13d366749fa913accbced30ac574232fd9f56c695691b96e64b11d2a59427f54
176,medium,V8/V7 disagreement,V8,1449976,not recorded,GHRHR,moved_toward_pathogenic,moved_toward_pathogenic,0.4528769081459096,0.4528769081459096,false,true,TP,,moved_toward_benign,0.21331152713226584,true,false,Uncertain significance,Pathogenic/Likely pathogenic,not recorded,unreviewed,missense,consequence=missense,not recorded,,possible weak feature signal,unverified,outputs/ai_temporal_v8/temporal_test_predictions.csv,13d366749fa913accbced30ac574232fd9f56c695691b96e64b11d2a59427f54
177,medium,V8/V7 disagreement,V8,1705688,not recorded,GREB1L,moved_toward_pathogenic,moved_toward_pathogenic,0.45174800206842763,0.45174800206842763,false,true,TP,,moved_toward_benign,0.23018714521261868,true,false,Uncertain significance,Likely pathogenic,not recorded,unreviewed,missense,consequence=missense,not recorded,,possible weak feature signal,unverified,outputs/ai_temporal_v8/temporal_test_predictions.csv,13d366749fa913accbced30ac574232fd9f56c695691b96e64b11d2a59427f54
178,medium,V8/V7 disagreement,V8,2020840,not recorded,KCNJ2,moved_toward_pathogenic,moved_toward_pathogenic,0.40849902428918905,0.40849902428918905,false,true,TP,,moved_toward_benign,0.2375565406539888,true,false,Uncertain significance,Pathogenic,not recorded,unreviewed,missense,consequence=missense,not recorded,,possible weak feature signal,unverified,outputs/ai_temporal_v8/temporal_test_predictions.csv,13d366749fa913accbced30ac574232fd9f56c695691b96e64b11d2a59427f54
179,medium,V8/V7 disagreement,V8,1511645,not recorded,NDP,moved_toward_pathogenic,moved_toward_pathogenic,0.3926086869711704,0.3926086869711704,false,true,TP,,moved_toward_benign,0.08216722174561292,true,false,Uncertain significance,Pathogenic,not recorded,unreviewed,missense,consequence=missense,not recorded,,possible weak feature signal,unverified,outputs/ai_temporal_v8/temporal_test_predictions.csv,13d366749fa913accbced30ac574232fd9f56c695691b96e64b11d2a59427f54
180,medium,V8/V7 disagreement,V8,2443508,not recorded,PCDH12,moved_toward_pathogenic,moved_toward_pathogenic,0.38412816852352233,0.38412816852352233,false,true,TP,,moved_toward_benign,0.21129272709848507,true,false,Uncertain significance,Likely pathogenic,not recorded,unreviewed,missense,consequence=missense,not recorded,,possible weak feature signal,unverified,outputs/ai_temporal_v8/temporal_test_predictions.csv,13d366749fa913accbced30ac574232fd9f56c695691b96e64b11d2a59427f54
181,low,stable correct sample,V8,1347918,not recorded,POLR3A,moved_toward_benign,moved_toward_benign,0.012655270637472169,0.9873447293625278,false,true,TN,,moved_toward_benign,0.010553374600922375,false,true,Uncertain significance,Likely benign,not recorded,unreviewed,synonymous,consequence=synonymous,not recorded,,possible weak feature signal,unverified,outputs/ai_temporal_v8/temporal_test_predictions.csv,13d366749fa913accbced30ac574232fd9f56c695691b96e64b11d2a59427f54
182,low,stable correct sample,V8,1379781,not recorded,CEP135,moved_toward_benign,moved_toward_benign,0.012661276754476947,0.9873387232455231,false,true,TN,,moved_toward_benign,0.010553374600922375,false,true,Uncertain significance,Likely benign,not recorded,unreviewed,synonymous,consequence=synonymous,not recorded,,possible weak feature signal,unverified,outputs/ai_temporal_v8/temporal_test_predictions.csv,13d366749fa913accbced30ac574232fd9f56c695691b96e64b11d2a59427f54
183,low,stable correct sample,V8,1407147,not recorded,HPS4,moved_toward_benign,moved_toward_benign,0.012526469533281513,0.9874735304667185,false,true,TN,,moved_toward_benign,0.009443350218480829,false,true,Uncertain significance,Likely benign,not recorded,unreviewed,synonymous,consequence=synonymous,not recorded,,possible weak feature signal,unverified,outputs/ai_temporal_v8/temporal_test_predictions.csv,13d366749fa913accbced30ac574232fd9f56c695691b96e64b11d2a59427f54
184,low,stable correct sample,V8,1428715,not recorded,PEX16,moved_toward_benign,moved_toward_benign,0.012664275611462557,0.9873357243885375,false,true,TN,,moved_toward_benign,0.0068913471995887,false,true,Uncertain significance,Likely benign,not recorded,unreviewed,synonymous,consequence=synonymous,not recorded,,possible weak feature signal,unverified,outputs/ai_temporal_v8/temporal_test_predictions.csv,13d366749fa913accbced30ac574232fd9f56c695691b96e64b11d2a59427f54
185,low,stable correct sample,V8,1434811,not recorded,WDR35,moved_toward_benign,moved_toward_benign,0.09104989122972286,0.9089501087702772,false,true,TN,,moved_toward_benign,0.08638216928799206,false,true,Uncertain significance,Likely benign,not recorded,unreviewed,noncoding,consequence=noncoding,not recorded,,possible weak feature signal,unverified,outputs/ai_temporal_v8/temporal_test_predictions.csv,13d366749fa913accbced30ac574232fd9f56c695691b96e64b11d2a59427f54
186,low,stable correct sample,V8,1463255,not recorded,PRKCSH,moved_toward_benign,moved_toward_benign,0.026215524142994297,0.9737844758570057,false,true,TN,,moved_toward_benign,0.1058189890316926,false,true,Uncertain significance,Likely benign,not recorded,unreviewed,noncoding,consequence=noncoding,not recorded,,possible weak feature signal,unverified,outputs/ai_temporal_v8/temporal_test_predictions.csv,13d366749fa913accbced30ac574232fd9f56c695691b96e64b11d2a59427f54
187,low,stable correct sample,V8,1478462,not recorded,NOP10,moved_toward_benign,moved_toward_benign,0.07335811837449059,0.9266418816255094,false,true,TN,,moved_toward_benign,0.08230632895422622,false,true,Uncertain significance,Likely benign,not recorded,unreviewed,noncoding,consequence=noncoding,not recorded,,possible weak feature signal,unverified,outputs/ai_temporal_v8/temporal_test_predictions.csv,13d366749fa913accbced30ac574232fd9f56c695691b96e64b11d2a59427f54
188,low,stable correct sample,V8,1494573,not recorded,RASA2,moved_toward_benign,moved_toward_benign,0.012588450693212978,0.987411549306787,false,true,TN,,moved_toward_benign,0.009443350218480829,false,true,Uncertain significance,Likely benign,not recorded,unreviewed,synonymous,consequence=synonymous,not recorded,,possible weak feature signal,unverified,outputs/ai_temporal_v8/temporal_test_predictions.csv,13d366749fa913accbced30ac574232fd9f56c695691b96e64b11d2a59427f54
189,low,stable correct sample,V8,1495848,not recorded,LAMA1,moved_toward_benign,moved_toward_benign,0.08207130608629819,0.9179286939137018,false,true,TN,,moved_toward_benign,0.06648408312570443,false,true,Uncertain significance,Likely benign,not recorded,unreviewed,noncoding,consequence=noncoding,not recorded,,possible weak feature signal,unverified,outputs/ai_temporal_v8/temporal_test_predictions.csv,13d366749fa913accbced30ac574232fd9f56c695691b96e64b11d2a59427f54
190,low,stable correct sample,V8,1806624,not recorded,TUBB4B,moved_toward_pathogenic,moved_toward_pathogenic,0.3578971743097923,0.3578971743097923,false,true,TP,,moved_toward_pathogenic,0.31383375154496645,false,true,Uncertain significance,Pathogenic,not recorded,unreviewed,missense,consequence=missense,not recorded,,possible weak feature signal,unverified,outputs/ai_temporal_v8/temporal_test_predictions.csv,13d366749fa913accbced30ac574232fd9f56c695691b96e64b11d2a59427f54
191,low,stable correct sample,V8,1921118,not recorded,MCM2,moved_toward_benign,moved_toward_benign,0.0808721629052098,0.9191278370947902,false,true,TN,,moved_toward_benign,0.03161944905825128,false,true,Uncertain significance,Likely benign,not recorded,unreviewed,noncoding,consequence=noncoding,not recorded,,possible weak feature signal,unverified,outputs/ai_temporal_v8/temporal_test_predictions.csv,13d366749fa913accbced30ac574232fd9f56c695691b96e64b11d2a59427f54
192,low,stable correct sample,V8,1943467,not recorded,FDX2,moved_toward_benign,moved_toward_benign,0.011461238994103519,0.9885387610058964,false,true,TN,,moved_toward_benign,0.004330154808975773,false,true,Uncertain significance,Likely benign,not recorded,unreviewed,synonymous,consequence=synonymous,not recorded,,possible weak feature signal,unverified,outputs/ai_temporal_v8/temporal_test_predictions.csv,13d366749fa913accbced30ac574232fd9f56c695691b96e64b11d2a59427f54
193,low,stable correct sample,V8,2024847,not recorded,CD40,moved_toward_pathogenic,moved_toward_pathogenic,0.9772563741670868,0.9772563741670868,false,true,TP,,moved_toward_pathogenic,0.9554959284011917,false,true,Uncertain significance,Pathogenic,not recorded,unreviewed,loss_of_function,consequence=loss_of_function,not recorded,,possible weak feature signal,unverified,outputs/ai_temporal_v8/temporal_test_predictions.csv,13d366749fa913accbced30ac574232fd9f56c695691b96e64b11d2a59427f54
194,low,stable correct sample,V8,2056464,not recorded,CEP120,moved_toward_benign,moved_toward_benign,0.08816895113786094,0.9118310488621391,false,true,TN,,moved_toward_benign,0.07816264066690273,false,true,Uncertain significance,Likely benign,not recorded,unreviewed,noncoding,consequence=noncoding,not recorded,,possible weak feature signal,unverified,outputs/ai_temporal_v8/temporal_test_predictions.csv,13d366749fa913accbced30ac574232fd9f56c695691b96e64b11d2a59427f54
195,low,stable correct sample,V8,2070788,not recorded,ALDH6A1,moved_toward_benign,moved_toward_benign,0.08794483895373481,0.9120551610462652,false,true,TN,,moved_toward_benign,0.10062135471730758,false,true,Uncertain significance,Likely benign,not recorded,unreviewed,noncoding,consequence=noncoding,not recorded,,possible weak feature signal,unverified,outputs/ai_temporal_v8/temporal_test_predictions.csv,13d366749fa913accbced30ac574232fd9f56c695691b96e64b11d2a59427f54
196,low,stable correct sample,V8,2083777,not recorded,ANKZF1,moved_toward_benign,moved_toward_benign,0.08090473267459324,0.9190952673254068,false,true,TN,,moved_toward_benign,0.06729528524566912,false,true,Uncertain significance,Likely benign,not recorded,unreviewed,noncoding,consequence=noncoding,not recorded,,possible weak feature signal,unverified,outputs/ai_temporal_v8/temporal_test_predictions.csv,13d366749fa913accbced30ac574232fd9f56c695691b96e64b11d2a59427f54
197,low,stable correct sample,V8,2103874,not recorded,TELO2,moved_toward_pathogenic,moved_toward_pathogenic,0.936960174882821,0.936960174882821,false,true,TP,,moved_toward_pathogenic,0.9643707634043326,false,true,Uncertain significance,Pathogenic,not recorded,unreviewed,loss_of_function,consequence=loss_of_function,not recorded,,possible weak feature signal,unverified,outputs/ai_temporal_v8/temporal_test_predictions.csv,13d366749fa913accbced30ac574232fd9f56c695691b96e64b11d2a59427f54
198,low,stable correct sample,V8,2634439,not recorded,KIDINS220,moved_toward_benign,moved_toward_benign,0.06941010158416674,0.9305898984158333,false,true,TN,,moved_toward_benign,0.1281414209941347,false,true,Uncertain significance,Likely benign,not recorded,unreviewed,noncoding,consequence=noncoding,not recorded,,possible weak feature signal,unverified,outputs/ai_temporal_v8/temporal_test_predictions.csv,13d366749fa913accbced30ac574232fd9f56c695691b96e64b11d2a59427f54
