model_version,variation_id,vcv_accession,gene,actual_outcome,predicted_class,pathogenic_probability,confidence,high_confidence,error_type,old_classification,actual_later_classification,review_status,manual_review_status,consequence,key_features,match_confidence,warning_flags,notes,suggested_category,suggestion_status,leakage_audit_status,source,source_predictions_sha256
V8,1338214,not recorded,GP1BA,moved_toward_benign,moved_toward_pathogenic,0.9950571074176209,0.9950571074176209,true,FP,Uncertain significance,Likely benign,not recorded,unreviewed,loss_of_function,consequence=loss_of_function,not recorded,,,predicted pathogenic but later benign,unverified,pass,outputs/ai_temporal_v8/temporal_test_predictions.csv,13d366749fa913accbced30ac574232fd9f56c695691b96e64b11d2a59427f54
V8,1343012,not recorded,TUBB3,moved_toward_pathogenic,moved_toward_benign,0.22257118406432444,0.7774288159356756,false,FN,Uncertain significance,Pathogenic,not recorded,unreviewed,missense,consequence=missense,not recorded,,,possible weak feature signal,unverified,pass,outputs/ai_temporal_v8/temporal_test_predictions.csv,13d366749fa913accbced30ac574232fd9f56c695691b96e64b11d2a59427f54
V8,1344550,not recorded,MT-ND6,moved_toward_benign,moved_toward_pathogenic,0.7122207985475159,0.7122207985475159,false,FP,Uncertain significance,Benign,not recorded,unreviewed,unrecognized,consequence=unrecognized,not recorded,,,possible missing consequence,unverified,pass,outputs/ai_temporal_v8/temporal_test_predictions.csv,13d366749fa913accbced30ac574232fd9f56c695691b96e64b11d2a59427f54
V8,1347398,not recorded,LEPR,moved_toward_benign,moved_toward_pathogenic,0.41441237849811385,0.41441237849811385,false,FP,Uncertain significance,Likely benign,not recorded,unreviewed,missense,consequence=missense,not recorded,,,possible weak feature signal,unverified,pass,outputs/ai_temporal_v8/temporal_test_predictions.csv,13d366749fa913accbced30ac574232fd9f56c695691b96e64b11d2a59427f54
V8,1358214,not recorded,P4HB,moved_toward_benign,moved_toward_pathogenic,0.403244439222074,0.403244439222074,false,FP,Uncertain significance,Benign,not recorded,unreviewed,missense,consequence=missense,not recorded,,,possible weak feature signal,unverified,pass,outputs/ai_temporal_v8/temporal_test_predictions.csv,13d366749fa913accbced30ac574232fd9f56c695691b96e64b11d2a59427f54
V8,1358885,not recorded,MYO15A,moved_toward_benign,moved_toward_pathogenic,0.3706502725675724,0.3706502725675724,false,FP,Uncertain significance,Likely benign,not recorded,unreviewed,missense,consequence=missense,not recorded,,,possible weak feature signal,unverified,pass,outputs/ai_temporal_v8/temporal_test_predictions.csv,13d366749fa913accbced30ac574232fd9f56c695691b96e64b11d2a59427f54
V8,1360281,not recorded,STAT4,moved_toward_benign,moved_toward_pathogenic,0.3996791847533945,0.3996791847533945,false,FP,Uncertain significance,Likely benign,not recorded,unreviewed,missense,consequence=missense,not recorded,,,possible weak feature signal,unverified,pass,outputs/ai_temporal_v8/temporal_test_predictions.csv,13d366749fa913accbced30ac574232fd9f56c695691b96e64b11d2a59427f54
V8,1365050,not recorded,DVL3,moved_toward_benign,moved_toward_pathogenic,0.668469734759352,0.668469734759352,false,FP,Uncertain significance,Benign,not recorded,unreviewed,missense,consequence=missense,not recorded,,,possible weak feature signal,unverified,pass,outputs/ai_temporal_v8/temporal_test_predictions.csv,13d366749fa913accbced30ac574232fd9f56c695691b96e64b11d2a59427f54
V8,1367200,not recorded,DRAM2,moved_toward_pathogenic,moved_toward_benign,0.22045689768599577,0.7795431023140043,false,FN,Uncertain significance,Pathogenic,not recorded,unreviewed,missense,consequence=missense,not recorded,,,possible weak feature signal,unverified,pass,outputs/ai_temporal_v8/temporal_test_predictions.csv,13d366749fa913accbced30ac574232fd9f56c695691b96e64b11d2a59427f54
V8,1378717,not recorded,ASXL2,moved_toward_benign,moved_toward_pathogenic,0.5642916458381362,0.5642916458381362,false,FP,Uncertain significance,Benign/Likely benign,not recorded,unreviewed,missense,consequence=missense,not recorded,,,possible weak feature signal,unverified,pass,outputs/ai_temporal_v8/temporal_test_predictions.csv,13d366749fa913accbced30ac574232fd9f56c695691b96e64b11d2a59427f54
V8,1378882,not recorded,SOX9,moved_toward_benign,moved_toward_pathogenic,0.47011971451645823,0.47011971451645823,false,FP,Uncertain significance,Benign,not recorded,unreviewed,missense,consequence=missense,not recorded,,,possible weak feature signal,unverified,pass,outputs/ai_temporal_v8/temporal_test_predictions.csv,13d366749fa913accbced30ac574232fd9f56c695691b96e64b11d2a59427f54
V8,1387135,not recorded,HTRA1,moved_toward_pathogenic,moved_toward_benign,0.234942503672652,0.765057496327348,false,FN,Uncertain significance,Likely pathogenic,not recorded,unreviewed,missense,consequence=missense,not recorded,,,possible weak feature signal,unverified,pass,outputs/ai_temporal_v8/temporal_test_predictions.csv,13d366749fa913accbced30ac574232fd9f56c695691b96e64b11d2a59427f54
V8,1401295,not recorded,ASXL2,moved_toward_benign,moved_toward_pathogenic,0.34696236350648746,0.34696236350648746,false,FP,Uncertain significance,Benign/Likely benign,not recorded,unreviewed,missense,consequence=missense,not recorded,,,possible weak feature signal,unverified,pass,outputs/ai_temporal_v8/temporal_test_predictions.csv,13d366749fa913accbced30ac574232fd9f56c695691b96e64b11d2a59427f54
V8,1403780,not recorded,PEPD,moved_toward_pathogenic,moved_toward_benign,0.2159958685566607,0.7840041314433392,false,FN,Uncertain significance,Pathogenic/Likely pathogenic,not recorded,unreviewed,missense,consequence=missense,not recorded,,,possible weak feature signal,unverified,pass,outputs/ai_temporal_v8/temporal_test_predictions.csv,13d366749fa913accbced30ac574232fd9f56c695691b96e64b11d2a59427f54
V8,1404861,not recorded,ABCA12,moved_toward_benign,moved_toward_pathogenic,0.47059957279038445,0.47059957279038445,false,FP,Uncertain significance,Likely benign,not recorded,unreviewed,missense,consequence=missense,not recorded,,,possible weak feature signal,unverified,pass,outputs/ai_temporal_v8/temporal_test_predictions.csv,13d366749fa913accbced30ac574232fd9f56c695691b96e64b11d2a59427f54
V8,1409760,not recorded,TECTA,moved_toward_benign,moved_toward_pathogenic,0.6061348725515225,0.6061348725515225,false,FP,Uncertain significance,Likely benign,not recorded,unreviewed,missense,consequence=missense,not recorded,,,possible weak feature signal,unverified,pass,outputs/ai_temporal_v8/temporal_test_predictions.csv,13d366749fa913accbced30ac574232fd9f56c695691b96e64b11d2a59427f54
V8,1410260,not recorded,ASXL2,moved_toward_benign,moved_toward_pathogenic,0.48042790207350533,0.48042790207350533,false,FP,Uncertain significance,Benign/Likely benign,not recorded,unreviewed,missense,consequence=missense,not recorded,,,possible weak feature signal,unverified,pass,outputs/ai_temporal_v8/temporal_test_predictions.csv,13d366749fa913accbced30ac574232fd9f56c695691b96e64b11d2a59427f54
V8,1410725,not recorded,KCND3,moved_toward_benign,moved_toward_pathogenic,0.37713752988550886,0.37713752988550886,false,FP,Uncertain significance,Likely benign,not recorded,unreviewed,missense,consequence=missense,not recorded,,,possible weak feature signal,unverified,pass,outputs/ai_temporal_v8/temporal_test_predictions.csv,13d366749fa913accbced30ac574232fd9f56c695691b96e64b11d2a59427f54
V8,1412696,not recorded,CASZ1,moved_toward_benign,moved_toward_pathogenic,0.3529603817109909,0.3529603817109909,false,FP,Uncertain significance,Likely benign,not recorded,unreviewed,missense,consequence=missense,not recorded,,,possible weak feature signal,unverified,pass,outputs/ai_temporal_v8/temporal_test_predictions.csv,13d366749fa913accbced30ac574232fd9f56c695691b96e64b11d2a59427f54
V8,1418602,not recorded,P4HB,moved_toward_benign,moved_toward_pathogenic,0.556531159161481,0.556531159161481,false,FP,Uncertain significance,Benign,not recorded,unreviewed,missense,consequence=missense,not recorded,,,possible weak feature signal,unverified,pass,outputs/ai_temporal_v8/temporal_test_predictions.csv,13d366749fa913accbced30ac574232fd9f56c695691b96e64b11d2a59427f54
V8,1423291,not recorded,CYP4F22,moved_toward_benign,moved_toward_pathogenic,0.36079388541626045,0.36079388541626045,false,FP,Uncertain significance,Likely benign,not recorded,unreviewed,missense,consequence=missense,not recorded,,,possible weak feature signal,unverified,pass,outputs/ai_temporal_v8/temporal_test_predictions.csv,13d366749fa913accbced30ac574232fd9f56c695691b96e64b11d2a59427f54
V8,1444570,not recorded,HMCN1,moved_toward_benign,moved_toward_pathogenic,0.8400167965860683,0.8400167965860683,true,FP,Uncertain significance,Likely benign,not recorded,unreviewed,canonical_splice,consequence=canonical_splice,not recorded,,,predicted pathogenic but later benign,unverified,pass,outputs/ai_temporal_v8/temporal_test_predictions.csv,13d366749fa913accbced30ac574232fd9f56c695691b96e64b11d2a59427f54
V8,1444757,not recorded,ASXL2,moved_toward_benign,moved_toward_pathogenic,0.3745915315397886,0.3745915315397886,false,FP,Uncertain significance,Likely benign,not recorded,unreviewed,unrecognized,consequence=unrecognized,not recorded,,,possible missing consequence,unverified,pass,outputs/ai_temporal_v8/temporal_test_predictions.csv,13d366749fa913accbced30ac574232fd9f56c695691b96e64b11d2a59427f54
V8,1446180,not recorded,ETFB,moved_toward_benign,moved_toward_pathogenic,0.3553859829625787,0.3553859829625787,false,FP,Uncertain significance,Likely benign,not recorded,unreviewed,missense,consequence=missense,not recorded,,,possible weak feature signal,unverified,pass,outputs/ai_temporal_v8/temporal_test_predictions.csv,13d366749fa913accbced30ac574232fd9f56c695691b96e64b11d2a59427f54
V8,1469777,not recorded,AMPD1,moved_toward_benign,moved_toward_pathogenic,0.7927954210383035,0.7927954210383035,false,FP,Uncertain significance,Likely benign,not recorded,unreviewed,unrecognized,consequence=unrecognized,not recorded,,,possible missing consequence,unverified,pass,outputs/ai_temporal_v8/temporal_test_predictions.csv,13d366749fa913accbced30ac574232fd9f56c695691b96e64b11d2a59427f54
V8,1481022,not recorded,RAD21,moved_toward_benign,moved_toward_pathogenic,0.3529893107466268,0.3529893107466268,false,FP,Uncertain significance,Likely benign,not recorded,unreviewed,missense,consequence=missense,not recorded,,,possible weak feature signal,unverified,pass,outputs/ai_temporal_v8/temporal_test_predictions.csv,13d366749fa913accbced30ac574232fd9f56c695691b96e64b11d2a59427f54
V8,1481314,not recorded,GLI2,moved_toward_benign,moved_toward_pathogenic,0.8707431677760239,0.8707431677760239,true,FP,Uncertain significance,Likely benign,not recorded,unreviewed,missense,consequence=missense,not recorded,,,predicted pathogenic but later benign,unverified,pass,outputs/ai_temporal_v8/temporal_test_predictions.csv,13d366749fa913accbced30ac574232fd9f56c695691b96e64b11d2a59427f54
V8,1481456,not recorded,TSEN54,moved_toward_benign,moved_toward_pathogenic,0.5161412583117678,0.5161412583117678,false,FP,Uncertain significance,Likely benign,not recorded,unreviewed,missense,consequence=missense,not recorded,,,possible weak feature signal,unverified,pass,outputs/ai_temporal_v8/temporal_test_predictions.csv,13d366749fa913accbced30ac574232fd9f56c695691b96e64b11d2a59427f54
V8,1485769,not recorded,NFE2L2,moved_toward_benign,moved_toward_pathogenic,0.561016840283596,0.561016840283596,false,FP,Uncertain significance,Benign,not recorded,unreviewed,missense,consequence=missense,not recorded,,,possible weak feature signal,unverified,pass,outputs/ai_temporal_v8/temporal_test_predictions.csv,13d366749fa913accbced30ac574232fd9f56c695691b96e64b11d2a59427f54
V8,1504767,not recorded,NFE2L2,moved_toward_benign,moved_toward_pathogenic,0.3529893107466268,0.3529893107466268,false,FP,Uncertain significance,Likely benign,not recorded,unreviewed,missense,consequence=missense,not recorded,,,possible weak feature signal,unverified,pass,outputs/ai_temporal_v8/temporal_test_predictions.csv,13d366749fa913accbced30ac574232fd9f56c695691b96e64b11d2a59427f54
V8,1508049,not recorded,SOX9,moved_toward_benign,moved_toward_pathogenic,0.3922204085709789,0.3922204085709789,false,FP,Uncertain significance,Likely benign,not recorded,unreviewed,missense,consequence=missense,not recorded,,,possible weak feature signal,unverified,pass,outputs/ai_temporal_v8/temporal_test_predictions.csv,13d366749fa913accbced30ac574232fd9f56c695691b96e64b11d2a59427f54
V8,1508577,not recorded,SLC24A5,moved_toward_pathogenic,moved_toward_benign,0.07064681079454074,0.9293531892054593,true,FN,Uncertain significance,Pathogenic,not recorded,unreviewed,noncoding,consequence=noncoding,not recorded,,,predicted benign but later pathogenic,unverified,pass,outputs/ai_temporal_v8/temporal_test_predictions.csv,13d366749fa913accbced30ac574232fd9f56c695691b96e64b11d2a59427f54
V8,1510471,not recorded,FECH,moved_toward_pathogenic,moved_toward_benign,0.09022182001043229,0.9097781799895677,true,FN,Uncertain significance,Likely pathogenic,not recorded,unreviewed,noncoding,consequence=noncoding,not recorded,,,predicted benign but later pathogenic,unverified,pass,outputs/ai_temporal_v8/temporal_test_predictions.csv,13d366749fa913accbced30ac574232fd9f56c695691b96e64b11d2a59427f54
V8,1514081,not recorded,NKX2-5,moved_toward_benign,moved_toward_pathogenic,0.7461180715141321,0.7461180715141321,false,FP,Uncertain significance,Likely benign,not recorded,unreviewed,missense,consequence=missense,not recorded,,,possible weak feature signal,unverified,pass,outputs/ai_temporal_v8/temporal_test_predictions.csv,13d366749fa913accbced30ac574232fd9f56c695691b96e64b11d2a59427f54
V8,1516358,not recorded,SERPINF1,moved_toward_pathogenic,moved_toward_benign,0.15542855032000163,0.8445714496799983,true,FN,Uncertain significance,Likely pathogenic,not recorded,unreviewed,missense,consequence=missense,not recorded,,,predicted benign but later pathogenic,unverified,pass,outputs/ai_temporal_v8/temporal_test_predictions.csv,13d366749fa913accbced30ac574232fd9f56c695691b96e64b11d2a59427f54
V8,1518918,not recorded,DEAF1,moved_toward_pathogenic,moved_toward_benign,0.13311740515314116,0.8668825948468588,true,FN,Uncertain significance,Likely pathogenic,not recorded,unreviewed,missense,consequence=missense,not recorded,,,predicted benign but later pathogenic,unverified,pass,outputs/ai_temporal_v8/temporal_test_predictions.csv,13d366749fa913accbced30ac574232fd9f56c695691b96e64b11d2a59427f54
V8,1523531,not recorded,GPAA1,moved_toward_pathogenic,moved_toward_benign,0.21996475520227293,0.780035244797727,false,FN,Uncertain significance,Likely pathogenic,not recorded,unreviewed,missense,consequence=missense,not recorded,,,possible weak feature signal,unverified,pass,outputs/ai_temporal_v8/temporal_test_predictions.csv,13d366749fa913accbced30ac574232fd9f56c695691b96e64b11d2a59427f54
V8,1523590,not recorded,NFE2L2,moved_toward_benign,moved_toward_pathogenic,0.38644655607127015,0.38644655607127015,false,FP,Uncertain significance,Benign,not recorded,unreviewed,missense,consequence=missense,not recorded,,,possible weak feature signal,unverified,pass,outputs/ai_temporal_v8/temporal_test_predictions.csv,13d366749fa913accbced30ac574232fd9f56c695691b96e64b11d2a59427f54
V8,1676545,not recorded,GRIA1,moved_toward_pathogenic,moved_toward_benign,0.0010646108111242978,0.9989353891888757,true,FN,Uncertain significance,Likely pathogenic,not recorded,unreviewed,missense,consequence=missense,not recorded,,,predicted benign but later pathogenic,unverified,pass,outputs/ai_temporal_v8/temporal_test_predictions.csv,13d366749fa913accbced30ac574232fd9f56c695691b96e64b11d2a59427f54
V8,1699024,not recorded,NSF,moved_toward_pathogenic,moved_toward_benign,0.23288473610475333,0.7671152638952466,false,FN,Uncertain significance,Likely pathogenic,not recorded,unreviewed,inframe_indel,consequence=inframe_indel,not recorded,,,possible weak feature signal,unverified,pass,outputs/ai_temporal_v8/temporal_test_predictions.csv,13d366749fa913accbced30ac574232fd9f56c695691b96e64b11d2a59427f54
V8,1718030,not recorded,SOX11,moved_toward_benign,moved_toward_pathogenic,0.3985000227064132,0.3985000227064132,false,FP,Uncertain significance,Likely benign,not recorded,unreviewed,missense,consequence=missense,not recorded,,,possible weak feature signal,unverified,pass,outputs/ai_temporal_v8/temporal_test_predictions.csv,13d366749fa913accbced30ac574232fd9f56c695691b96e64b11d2a59427f54
V8,1719216,not recorded,CTSA,moved_toward_pathogenic,moved_toward_benign,0.20321599326378717,0.7967840067362129,false,FN,Uncertain significance,Likely pathogenic,not recorded,unreviewed,missense,consequence=missense,not recorded,,,possible weak feature signal,unverified,pass,outputs/ai_temporal_v8/temporal_test_predictions.csv,13d366749fa913accbced30ac574232fd9f56c695691b96e64b11d2a59427f54
V8,1740318,not recorded,GPIHBP1,moved_toward_benign,moved_toward_pathogenic,0.6817339840129508,0.6817339840129508,false,FP,Uncertain significance,Likely benign,not recorded,unreviewed,missense,consequence=missense,not recorded,,,possible weak feature signal,unverified,pass,outputs/ai_temporal_v8/temporal_test_predictions.csv,13d366749fa913accbced30ac574232fd9f56c695691b96e64b11d2a59427f54
V8,1746288,not recorded,GPIHBP1,moved_toward_benign,moved_toward_pathogenic,0.3476336335886846,0.3476336335886846,false,FP,Uncertain significance,Likely benign,not recorded,unreviewed,missense,consequence=missense,not recorded,,,possible weak feature signal,unverified,pass,outputs/ai_temporal_v8/temporal_test_predictions.csv,13d366749fa913accbced30ac574232fd9f56c695691b96e64b11d2a59427f54
V8,1768273,not recorded,TBR1,moved_toward_benign,moved_toward_pathogenic,0.34983679827076886,0.34983679827076886,false,FP,Uncertain significance,Likely benign,not recorded,unreviewed,missense,consequence=missense,not recorded,,,possible weak feature signal,unverified,pass,outputs/ai_temporal_v8/temporal_test_predictions.csv,13d366749fa913accbced30ac574232fd9f56c695691b96e64b11d2a59427f54
V8,1797356,not recorded,PHF8,moved_toward_benign,moved_toward_pathogenic,0.35305417649903975,0.35305417649903975,false,FP,Uncertain significance,Likely benign,not recorded,unreviewed,missense,consequence=missense,not recorded,,,possible weak feature signal,unverified,pass,outputs/ai_temporal_v8/temporal_test_predictions.csv,13d366749fa913accbced30ac574232fd9f56c695691b96e64b11d2a59427f54
V8,1804720,not recorded,CFHR4,moved_toward_benign,moved_toward_pathogenic,0.9368828432310298,0.9368828432310298,true,FP,Uncertain significance,Benign,not recorded,unreviewed,canonical_splice,consequence=canonical_splice,not recorded,,,predicted pathogenic but later benign,unverified,pass,outputs/ai_temporal_v8/temporal_test_predictions.csv,13d366749fa913accbced30ac574232fd9f56c695691b96e64b11d2a59427f54
V8,1902652,not recorded,GHR,moved_toward_benign,moved_toward_pathogenic,0.5694189492842154,0.5694189492842154,false,FP,Uncertain significance,Benign,not recorded,unreviewed,missense,consequence=missense,not recorded,,,possible weak feature signal,unverified,pass,outputs/ai_temporal_v8/temporal_test_predictions.csv,13d366749fa913accbced30ac574232fd9f56c695691b96e64b11d2a59427f54
V8,1908216,not recorded,ITGB4,moved_toward_benign,moved_toward_pathogenic,0.500116285327123,0.500116285327123,false,FP,Uncertain significance,Likely benign,not recorded,unreviewed,missense,consequence=missense,not recorded,,,possible weak feature signal,unverified,pass,outputs/ai_temporal_v8/temporal_test_predictions.csv,13d366749fa913accbced30ac574232fd9f56c695691b96e64b11d2a59427f54
V8,1909126,not recorded,ASXL2,moved_toward_benign,moved_toward_pathogenic,0.4056356729267961,0.4056356729267961,false,FP,Uncertain significance,Benign,not recorded,unreviewed,missense,consequence=missense,not recorded,,,possible weak feature signal,unverified,pass,outputs/ai_temporal_v8/temporal_test_predictions.csv,13d366749fa913accbced30ac574232fd9f56c695691b96e64b11d2a59427f54
V8,1910224,not recorded,HTRA1,moved_toward_pathogenic,moved_toward_benign,0.2661583019464975,0.7338416980535025,false,FN,Uncertain significance,Pathogenic/Likely pathogenic,not recorded,unreviewed,missense,consequence=missense,not recorded,,,possible weak feature signal,unverified,pass,outputs/ai_temporal_v8/temporal_test_predictions.csv,13d366749fa913accbced30ac574232fd9f56c695691b96e64b11d2a59427f54
V8,1917357,not recorded,PTH,moved_toward_pathogenic,moved_toward_benign,0.08431612604990119,0.9156838739500988,true,FN,Uncertain significance,Pathogenic,not recorded,unreviewed,noncoding,consequence=noncoding,not recorded,,,predicted benign but later pathogenic,unverified,pass,outputs/ai_temporal_v8/temporal_test_predictions.csv,13d366749fa913accbced30ac574232fd9f56c695691b96e64b11d2a59427f54
V8,1920086,not recorded,SLC39A14,moved_toward_benign,moved_toward_pathogenic,0.5235589696442413,0.5235589696442413,false,FP,Uncertain significance,Likely benign,not recorded,unreviewed,missense,consequence=missense,not recorded,,,possible weak feature signal,unverified,pass,outputs/ai_temporal_v8/temporal_test_predictions.csv,13d366749fa913accbced30ac574232fd9f56c695691b96e64b11d2a59427f54
V8,1936392,not recorded,SPTA1,moved_toward_benign,moved_toward_pathogenic,0.4146209657642129,0.4146209657642129,false,FP,Uncertain significance,Likely benign,not recorded,unreviewed,missense,consequence=missense,not recorded,,,possible weak feature signal,unverified,pass,outputs/ai_temporal_v8/temporal_test_predictions.csv,13d366749fa913accbced30ac574232fd9f56c695691b96e64b11d2a59427f54
V8,1953098,not recorded,KCNC3,moved_toward_benign,moved_toward_pathogenic,0.6930011043924129,0.6930011043924129,false,FP,Uncertain significance,Likely benign,not recorded,unreviewed,missense,consequence=missense,not recorded,,,possible weak feature signal,unverified,pass,outputs/ai_temporal_v8/temporal_test_predictions.csv,13d366749fa913accbced30ac574232fd9f56c695691b96e64b11d2a59427f54
V8,1992889,not recorded,P4HB,moved_toward_benign,moved_toward_pathogenic,0.5373421269181842,0.5373421269181842,false,FP,Uncertain significance,Benign,not recorded,unreviewed,missense,consequence=missense,not recorded,,,possible weak feature signal,unverified,pass,outputs/ai_temporal_v8/temporal_test_predictions.csv,13d366749fa913accbced30ac574232fd9f56c695691b96e64b11d2a59427f54
V8,1993961,not recorded,MTFMT,moved_toward_pathogenic,moved_toward_benign,0.1881067510516416,0.8118932489483583,true,FN,Uncertain significance,Pathogenic,not recorded,unreviewed,missense,consequence=missense,not recorded,,,predicted benign but later pathogenic,unverified,pass,outputs/ai_temporal_v8/temporal_test_predictions.csv,13d366749fa913accbced30ac574232fd9f56c695691b96e64b11d2a59427f54
V8,1996920,not recorded,ARCN1,moved_toward_benign,moved_toward_pathogenic,0.5076603699621796,0.5076603699621796,false,FP,Uncertain significance,Likely benign,not recorded,unreviewed,missense,consequence=missense,not recorded,,,possible weak feature signal,unverified,pass,outputs/ai_temporal_v8/temporal_test_predictions.csv,13d366749fa913accbced30ac574232fd9f56c695691b96e64b11d2a59427f54
V8,2029336,not recorded,MAST1,moved_toward_benign,moved_toward_pathogenic,0.44776007789448513,0.44776007789448513,false,FP,Uncertain significance,Likely benign,not recorded,unreviewed,missense,consequence=missense,not recorded,,,possible weak feature signal,unverified,pass,outputs/ai_temporal_v8/temporal_test_predictions.csv,13d366749fa913accbced30ac574232fd9f56c695691b96e64b11d2a59427f54
V8,2031464,not recorded,RAB11A,moved_toward_benign,moved_toward_pathogenic,0.5673187756375103,0.5673187756375103,false,FP,Uncertain significance,Likely benign,not recorded,unreviewed,missense,consequence=missense,not recorded,,,possible weak feature signal,unverified,pass,outputs/ai_temporal_v8/temporal_test_predictions.csv,13d366749fa913accbced30ac574232fd9f56c695691b96e64b11d2a59427f54
V8,2039803,not recorded,HEPACAM,moved_toward_benign,moved_toward_pathogenic,0.5430684911859297,0.5430684911859297,false,FP,Uncertain significance,Benign,not recorded,unreviewed,missense,consequence=missense,not recorded,,,possible weak feature signal,unverified,pass,outputs/ai_temporal_v8/temporal_test_predictions.csv,13d366749fa913accbced30ac574232fd9f56c695691b96e64b11d2a59427f54
V8,2049055,not recorded,P4HB,moved_toward_benign,moved_toward_pathogenic,0.5404414154528234,0.5404414154528234,false,FP,Uncertain significance,Likely benign,not recorded,unreviewed,inframe_indel,consequence=inframe_indel,not recorded,,,possible weak feature signal,unverified,pass,outputs/ai_temporal_v8/temporal_test_predictions.csv,13d366749fa913accbced30ac574232fd9f56c695691b96e64b11d2a59427f54
V8,2068277,not recorded,HMCN1,moved_toward_benign,moved_toward_pathogenic,0.4688345264682361,0.4688345264682361,false,FP,Uncertain significance,Likely benign,not recorded,unreviewed,missense,consequence=missense,not recorded,,,possible weak feature signal,unverified,pass,outputs/ai_temporal_v8/temporal_test_predictions.csv,13d366749fa913accbced30ac574232fd9f56c695691b96e64b11d2a59427f54
V8,2085378,not recorded,DEAF1,moved_toward_pathogenic,moved_toward_benign,0.26719489932484686,0.7328051006751531,false,FN,Uncertain significance,Pathogenic,not recorded,unreviewed,missense,consequence=missense,not recorded,,,possible weak feature signal,unverified,pass,outputs/ai_temporal_v8/temporal_test_predictions.csv,13d366749fa913accbced30ac574232fd9f56c695691b96e64b11d2a59427f54
V8,2093950,not recorded,TUBB3,moved_toward_benign,moved_toward_pathogenic,0.4716232622112248,0.4716232622112248,false,FP,Uncertain significance,Benign,not recorded,unreviewed,missense,consequence=missense,not recorded,,,possible weak feature signal,unverified,pass,outputs/ai_temporal_v8/temporal_test_predictions.csv,13d366749fa913accbced30ac574232fd9f56c695691b96e64b11d2a59427f54
V8,2097852,not recorded,TMC1,moved_toward_pathogenic,moved_toward_benign,0.3057396202253727,0.6942603797746273,false,FN,Uncertain significance,Likely pathogenic,not recorded,unreviewed,missense,consequence=missense,not recorded,,,possible weak feature signal,unverified,pass,outputs/ai_temporal_v8/temporal_test_predictions.csv,13d366749fa913accbced30ac574232fd9f56c695691b96e64b11d2a59427f54
V8,2099761,not recorded,MAST1,moved_toward_benign,moved_toward_pathogenic,0.37204469798756246,0.37204469798756246,false,FP,Uncertain significance,Likely benign,not recorded,unreviewed,missense,consequence=missense,not recorded,,,possible weak feature signal,unverified,pass,outputs/ai_temporal_v8/temporal_test_predictions.csv,13d366749fa913accbced30ac574232fd9f56c695691b96e64b11d2a59427f54
V8,2125741,not recorded,EXOC6B,moved_toward_pathogenic,moved_toward_benign,0.08557687611624577,0.9144231238837542,true,FN,Uncertain significance,Likely pathogenic,not recorded,unreviewed,noncoding,consequence=noncoding,not recorded,,,predicted benign but later pathogenic,unverified,pass,outputs/ai_temporal_v8/temporal_test_predictions.csv,13d366749fa913accbced30ac574232fd9f56c695691b96e64b11d2a59427f54
V8,2127003,not recorded,IFITM5,moved_toward_benign,moved_toward_pathogenic,0.4758426758094477,0.4758426758094477,false,FP,Uncertain significance,Likely benign,not recorded,unreviewed,missense,consequence=missense,not recorded,,,possible weak feature signal,unverified,pass,outputs/ai_temporal_v8/temporal_test_predictions.csv,13d366749fa913accbced30ac574232fd9f56c695691b96e64b11d2a59427f54
V8,2137670,not recorded,SLC12A1,moved_toward_pathogenic,moved_toward_benign,0.23350008264141298,0.766499917358587,false,FN,Uncertain significance,Likely pathogenic,not recorded,unreviewed,missense,consequence=missense,not recorded,,,possible weak feature signal,unverified,pass,outputs/ai_temporal_v8/temporal_test_predictions.csv,13d366749fa913accbced30ac574232fd9f56c695691b96e64b11d2a59427f54
V8,2138351,not recorded,CD40,moved_toward_pathogenic,moved_toward_benign,0.21125847658143893,0.7887415234185611,false,FN,Uncertain significance,Likely pathogenic,not recorded,unreviewed,unrecognized,consequence=unrecognized,not recorded,,,possible missing consequence,unverified,pass,outputs/ai_temporal_v8/temporal_test_predictions.csv,13d366749fa913accbced30ac574232fd9f56c695691b96e64b11d2a59427f54
V8,2140752,not recorded,ERCC6,moved_toward_benign,moved_toward_pathogenic,0.5321746621774255,0.5321746621774255,false,FP,Uncertain significance,Likely benign,not recorded,unreviewed,missense,consequence=missense,not recorded,,,possible weak feature signal,unverified,pass,outputs/ai_temporal_v8/temporal_test_predictions.csv,13d366749fa913accbced30ac574232fd9f56c695691b96e64b11d2a59427f54
V8,2140757,not recorded,ERCC6,moved_toward_benign,moved_toward_pathogenic,0.4044404939891501,0.4044404939891501,false,FP,Uncertain significance,Likely benign,not recorded,unreviewed,missense,consequence=missense,not recorded,,,possible weak feature signal,unverified,pass,outputs/ai_temporal_v8/temporal_test_predictions.csv,13d366749fa913accbced30ac574232fd9f56c695691b96e64b11d2a59427f54
V8,2147112,not recorded,ZBTB18,moved_toward_benign,moved_toward_pathogenic,0.47756393071303266,0.47756393071303266,false,FP,Uncertain significance,Benign,not recorded,unreviewed,missense,consequence=missense,not recorded,,,possible weak feature signal,unverified,pass,outputs/ai_temporal_v8/temporal_test_predictions.csv,13d366749fa913accbced30ac574232fd9f56c695691b96e64b11d2a59427f54
V8,2151981,not recorded,DVL3,moved_toward_benign,moved_toward_pathogenic,0.9332021249391163,0.9332021249391163,true,FP,Uncertain significance,Likely benign,not recorded,unreviewed,loss_of_function,consequence=loss_of_function,not recorded,,,predicted pathogenic but later benign,unverified,pass,outputs/ai_temporal_v8/temporal_test_predictions.csv,13d366749fa913accbced30ac574232fd9f56c695691b96e64b11d2a59427f54
V8,2152101,not recorded,KRT17,moved_toward_benign,moved_toward_pathogenic,0.3528936853823114,0.3528936853823114,false,FP,Uncertain significance,Likely benign,not recorded,unreviewed,missense,consequence=missense,not recorded,,,possible weak feature signal,unverified,pass,outputs/ai_temporal_v8/temporal_test_predictions.csv,13d366749fa913accbced30ac574232fd9f56c695691b96e64b11d2a59427f54
V8,2153622,not recorded,PEPD,moved_toward_benign,moved_toward_pathogenic,0.4800239693475896,0.4800239693475896,false,FP,Uncertain significance,Likely benign,not recorded,unreviewed,missense,consequence=missense,not recorded,,,possible weak feature signal,unverified,pass,outputs/ai_temporal_v8/temporal_test_predictions.csv,13d366749fa913accbced30ac574232fd9f56c695691b96e64b11d2a59427f54
V8,2169571,not recorded,AMHR2,moved_toward_pathogenic,moved_toward_benign,0.25906541811907624,0.7409345818809238,false,FN,Uncertain significance,Likely pathogenic,not recorded,unreviewed,missense,consequence=missense,not recorded,,,possible weak feature signal,unverified,pass,outputs/ai_temporal_v8/temporal_test_predictions.csv,13d366749fa913accbced30ac574232fd9f56c695691b96e64b11d2a59427f54
V8,2169644,not recorded,NDP,moved_toward_pathogenic,moved_toward_benign,0.21767764873375306,0.7823223512662469,false,FN,Uncertain significance,Likely pathogenic,not recorded,unreviewed,missense,consequence=missense,not recorded,,,possible weak feature signal,unverified,pass,outputs/ai_temporal_v8/temporal_test_predictions.csv,13d366749fa913accbced30ac574232fd9f56c695691b96e64b11d2a59427f54
V8,2175962,not recorded,MAB21L1,moved_toward_pathogenic,moved_toward_benign,0.2777494997787577,0.7222505002212423,false,FN,Uncertain significance,Pathogenic,not recorded,unreviewed,missense,consequence=missense,not recorded,,,possible weak feature signal,unverified,pass,outputs/ai_temporal_v8/temporal_test_predictions.csv,13d366749fa913accbced30ac574232fd9f56c695691b96e64b11d2a59427f54
V8,2176499,not recorded,SYNPO,moved_toward_benign,moved_toward_pathogenic,0.7003407341304048,0.7003407341304048,false,FP,Uncertain significance,Likely benign,not recorded,unreviewed,inframe_indel,consequence=inframe_indel,not recorded,,,possible weak feature signal,unverified,pass,outputs/ai_temporal_v8/temporal_test_predictions.csv,13d366749fa913accbced30ac574232fd9f56c695691b96e64b11d2a59427f54
V8,2179139,not recorded,SPAG1,moved_toward_pathogenic,moved_toward_benign,0.07955473087224357,0.9204452691277565,true,FN,Uncertain significance,Pathogenic,not recorded,unreviewed,noncoding,consequence=noncoding,not recorded,,,predicted benign but later pathogenic,unverified,pass,outputs/ai_temporal_v8/temporal_test_predictions.csv,13d366749fa913accbced30ac574232fd9f56c695691b96e64b11d2a59427f54
V8,2184261,not recorded,TSEN54,moved_toward_benign,moved_toward_pathogenic,0.827144316186327,0.827144316186327,true,FP,Uncertain significance,Likely benign,not recorded,unreviewed,missense,consequence=missense,not recorded,,,predicted pathogenic but later benign,unverified,pass,outputs/ai_temporal_v8/temporal_test_predictions.csv,13d366749fa913accbced30ac574232fd9f56c695691b96e64b11d2a59427f54
V8,2191065,not recorded,LOXL3,moved_toward_pathogenic,moved_toward_benign,0.27735782754026445,0.7226421724597356,false,FN,Uncertain significance,Pathogenic,not recorded,unreviewed,missense,consequence=missense,not recorded,,,possible weak feature signal,unverified,pass,outputs/ai_temporal_v8/temporal_test_predictions.csv,13d366749fa913accbced30ac574232fd9f56c695691b96e64b11d2a59427f54
V8,2192096,not recorded,TRPV3,moved_toward_benign,moved_toward_pathogenic,0.49917475802934785,0.49917475802934785,false,FP,Uncertain significance,Likely benign,not recorded,unreviewed,missense,consequence=missense,not recorded,,,possible weak feature signal,unverified,pass,outputs/ai_temporal_v8/temporal_test_predictions.csv,13d366749fa913accbced30ac574232fd9f56c695691b96e64b11d2a59427f54
V8,2192947,not recorded,FGD1,moved_toward_benign,moved_toward_pathogenic,0.5121985889358127,0.5121985889358127,false,FP,Uncertain significance,Likely benign,not recorded,unreviewed,missense,consequence=missense,not recorded,,,possible weak feature signal,unverified,pass,outputs/ai_temporal_v8/temporal_test_predictions.csv,13d366749fa913accbced30ac574232fd9f56c695691b96e64b11d2a59427f54
V8,2210992,not recorded,MTFMT,moved_toward_benign,moved_toward_pathogenic,0.37213672750844745,0.37213672750844745,false,FP,Uncertain significance,Likely benign,not recorded,unreviewed,missense,consequence=missense,not recorded,,,possible weak feature signal,unverified,pass,outputs/ai_temporal_v8/temporal_test_predictions.csv,13d366749fa913accbced30ac574232fd9f56c695691b96e64b11d2a59427f54
V8,2260860,not recorded,KDM1A,moved_toward_benign,moved_toward_pathogenic,0.4967638422980666,0.4967638422980666,false,FP,Uncertain significance,Likely benign,not recorded,unreviewed,missense,consequence=missense,not recorded,,,possible weak feature signal,unverified,pass,outputs/ai_temporal_v8/temporal_test_predictions.csv,13d366749fa913accbced30ac574232fd9f56c695691b96e64b11d2a59427f54
V8,2308472,not recorded,SPEN,moved_toward_benign,moved_toward_pathogenic,0.3743171965286271,0.3743171965286271,false,FP,Uncertain significance,Likely benign,not recorded,unreviewed,missense,consequence=missense,not recorded,,,possible weak feature signal,unverified,pass,outputs/ai_temporal_v8/temporal_test_predictions.csv,13d366749fa913accbced30ac574232fd9f56c695691b96e64b11d2a59427f54
V8,2380813,not recorded,ARFGEF1,moved_toward_benign,moved_toward_pathogenic,0.4673504342597057,0.4673504342597057,false,FP,Uncertain significance,Likely benign,not recorded,unreviewed,missense,consequence=missense,not recorded,,,possible weak feature signal,unverified,pass,outputs/ai_temporal_v8/temporal_test_predictions.csv,13d366749fa913accbced30ac574232fd9f56c695691b96e64b11d2a59427f54
V8,2408951,not recorded,PCDH12,moved_toward_benign,moved_toward_pathogenic,0.31634766633004036,0.31634766633004036,false,FP,Uncertain significance,Likely benign,not recorded,unreviewed,missense,consequence=missense,not recorded,,,possible weak feature signal,unverified,pass,outputs/ai_temporal_v8/temporal_test_predictions.csv,13d366749fa913accbced30ac574232fd9f56c695691b96e64b11d2a59427f54
V8,2411525,not recorded,ADAM22,moved_toward_benign,moved_toward_pathogenic,0.5916305553228872,0.5916305553228872,false,FP,Uncertain significance,Likely benign,not recorded,unreviewed,missense,consequence=missense,not recorded,,,possible weak feature signal,unverified,pass,outputs/ai_temporal_v8/temporal_test_predictions.csv,13d366749fa913accbced30ac574232fd9f56c695691b96e64b11d2a59427f54
V8,2415116,not recorded,CASZ1,moved_toward_benign,moved_toward_pathogenic,0.5458121561463424,0.5458121561463424,false,FP,Uncertain significance,Likely benign,not recorded,unreviewed,missense,consequence=missense,not recorded,,,possible weak feature signal,unverified,pass,outputs/ai_temporal_v8/temporal_test_predictions.csv,13d366749fa913accbced30ac574232fd9f56c695691b96e64b11d2a59427f54
V8,2443383,not recorded,KATNIP,moved_toward_pathogenic,moved_toward_benign,0.17901849883061147,0.8209815011693885,true,FN,Uncertain significance,Likely pathogenic,not recorded,unreviewed,missense,consequence=missense,not recorded,,,predicted benign but later pathogenic,unverified,pass,outputs/ai_temporal_v8/temporal_test_predictions.csv,13d366749fa913accbced30ac574232fd9f56c695691b96e64b11d2a59427f54
V8,2443957,not recorded,ACACA,moved_toward_pathogenic,moved_toward_benign,0.18431543015606808,0.8156845698439319,true,FN,Uncertain significance,Pathogenic,not recorded,unreviewed,missense,consequence=missense,not recorded,,,predicted benign but later pathogenic,unverified,pass,outputs/ai_temporal_v8/temporal_test_predictions.csv,13d366749fa913accbced30ac574232fd9f56c695691b96e64b11d2a59427f54
V8,2447640,not recorded,RIT1,moved_toward_pathogenic,moved_toward_benign,0.20459258835216995,0.79540741164783,false,FN,Uncertain significance,Likely pathogenic,not recorded,unreviewed,missense,consequence=missense,not recorded,,,possible weak feature signal,unverified,pass,outputs/ai_temporal_v8/temporal_test_predictions.csv,13d366749fa913accbced30ac574232fd9f56c695691b96e64b11d2a59427f54
V8,2487837,not recorded,MRPS34,moved_toward_benign,moved_toward_pathogenic,0.4942818817850339,0.4942818817850339,false,FP,Uncertain significance,Likely benign,not recorded,unreviewed,missense,consequence=missense,not recorded,,,possible weak feature signal,unverified,pass,outputs/ai_temporal_v8/temporal_test_predictions.csv,13d366749fa913accbced30ac574232fd9f56c695691b96e64b11d2a59427f54
V8,2530789,not recorded,PEX16,moved_toward_benign,moved_toward_pathogenic,0.5451477329458659,0.5451477329458659,false,FP,Uncertain significance,Likely benign,not recorded,unreviewed,missense,consequence=missense,not recorded,,,possible weak feature signal,unverified,pass,outputs/ai_temporal_v8/temporal_test_predictions.csv,13d366749fa913accbced30ac574232fd9f56c695691b96e64b11d2a59427f54
V8,2573382,not recorded,LAMB3,moved_toward_pathogenic,moved_toward_benign,0.18488859937411328,0.8151114006258867,true,FN,Uncertain significance,Likely pathogenic,not recorded,unreviewed,missense,consequence=missense,not recorded,,,predicted benign but later pathogenic,unverified,pass,outputs/ai_temporal_v8/temporal_test_predictions.csv,13d366749fa913accbced30ac574232fd9f56c695691b96e64b11d2a59427f54
V8,2633613,not recorded,KCNJ16,moved_toward_pathogenic,moved_toward_benign,0.20802415988487452,0.7919758401151255,false,FN,Uncertain significance,Pathogenic,not recorded,unreviewed,inframe_indel,consequence=inframe_indel,not recorded,,,possible weak feature signal,unverified,pass,outputs/ai_temporal_v8/temporal_test_predictions.csv,13d366749fa913accbced30ac574232fd9f56c695691b96e64b11d2a59427f54
V8,2634181,not recorded,HLTF,moved_toward_benign,moved_toward_pathogenic,0.5095398904426833,0.5095398904426833,false,FP,Uncertain significance,Likely benign,not recorded,unreviewed,missense,consequence=missense,not recorded,,,possible weak feature signal,unverified,pass,outputs/ai_temporal_v8/temporal_test_predictions.csv,13d366749fa913accbced30ac574232fd9f56c695691b96e64b11d2a59427f54
V8,2634522,not recorded,UCP3,moved_toward_benign,moved_toward_pathogenic,0.7726437574044066,0.7726437574044066,false,FP,Uncertain significance,Likely benign,not recorded,unreviewed,missense,consequence=missense,not recorded,,,possible weak feature signal,unverified,pass,outputs/ai_temporal_v8/temporal_test_predictions.csv,13d366749fa913accbced30ac574232fd9f56c695691b96e64b11d2a59427f54
V8,2635421,not recorded,TBR1,moved_toward_pathogenic,moved_toward_benign,0.0794845436948717,0.9205154563051283,true,FN,Uncertain significance,Likely pathogenic,not recorded,unreviewed,noncoding,consequence=noncoding,not recorded,,,predicted benign but later pathogenic,unverified,pass,outputs/ai_temporal_v8/temporal_test_predictions.csv,13d366749fa913accbced30ac574232fd9f56c695691b96e64b11d2a59427f54
V8,2637596,not recorded,STUB1,moved_toward_benign,moved_toward_pathogenic,0.4451035900577196,0.4451035900577196,false,FP,Uncertain significance,Likely benign,not recorded,unreviewed,unrecognized,consequence=unrecognized,not recorded,,,possible missing consequence,unverified,pass,outputs/ai_temporal_v8/temporal_test_predictions.csv,13d366749fa913accbced30ac574232fd9f56c695691b96e64b11d2a59427f54
V8,2655642,not recorded,KCNN2,moved_toward_benign,moved_toward_pathogenic,0.36791804457440874,0.36791804457440874,false,FP,Uncertain significance,Likely benign,not recorded,unreviewed,missense,consequence=missense,not recorded,,,possible weak feature signal,unverified,pass,outputs/ai_temporal_v8/temporal_test_predictions.csv,13d366749fa913accbced30ac574232fd9f56c695691b96e64b11d2a59427f54
