variation_id,component_hash,outer_fold
1331473,79b7dc68bbc2227b9e5f9c286bcddb59ef13813b6545989356bf39f58c2f1d70,4
1338214,118b661c20439ab5373f50ef6917246ae63c06b3072ff55c759d30fa0b2995f1,3
1343012,44dac912eafb122038fe118edfa8eb8c8a8b8de3c8f1bd254b6b4e7473cb6406,4
1343755,39904c0e5adc7f2013fdc4e3bd86a4d2d3862a30fe0bf686f51b29255157c120,4
1344492,41b571546a97b9a2ad689e85f983672c564f496457f15978245e29a2e54ae8de,2
1344550,329d6ceade1a6bc15c4df87b3cee1744379c4dff1a5d4f9fb036ba99847c6641,4
1345608,a6a6606b3928ce5bbd5e63eb8a829d24552e93f8e7b701ae46286f9d687d7fd3,0
1346420,3dc43e86e5ca89fa2237473bede66fe94c7719ca16144581bc1f45260cda9346,3
1346886,09c2b2d2f1d4dfef3b0b8bd868f4ee569a26396189a4ff11708937612b3fbe8b,1
1347398,ba08ea4852d6be8470361d76ab2ac873de732882d19f2fe0a20efdb15d535602,4
1347918,26be345c7af2fc8b08f966a4193e22673e989054afb11b70a0bb2d8074d2fad6,2
1348917,8f3861789a621e7d4a46e8c803b5306522decd2628c22b4a19721f319ccdea63,3
1349356,75cff82fa1773b3fd2348a25206c2f5b11cc9f4a452400314d9a9d013cc87776,0
1350364,3f1003fd8f08df3647101e68092653a51f5a365a1fbb7e2fdba64fad35432c2a,0
1350810,9c6d70211eebad466d288d8152f31c6a3f9336843b8eea4318eca7b8ebf54a8f,3
1350915,6dc5e80200983e8e31b36adda7802d096d9933c72fc08bebe7c5aa89a4126df1,2
1351108,894257b15c046dc65499fc6c12cb666b5ed477335732d63828ab510c03ae36a7,2
1354065,f656d0513b52b92852888dc0743e1014304149a3523c74e4fd9b8ec8b2095208,0
1354563,b731a6472f90125fc315e7f455c4d69c3731c06457eef8cdfdba0691a8943bd7,2
1354829,83d4d67f89a4333cc68e419131ce237bcf6a2c5df06a061e093ccd9cddc34ffa,1
1355576,5ff2c532185c12021494a24d6740585ea613ae10ce6c76e604f3e5bf813a6411,0
1356192,e2f76d2b55f9637e7217f46a6b3fa793bd5b71aaeab7fd42783dcc66ff3c6255,2
1356273,3bc641e8ddbe934d5d6816e869c2a6c1d87543f1014bd44df40a0540de177a67,1
1356959,d0a60d14dfe244f081cac2593f2c1fc83f570822bc8d2dcb7ee5835e312ceef6,3
1357408,7af605acd7a666408f6971f6db8c9cc409fb7a000722527df3c4da05a1e991f9,1
1357882,354e0e8e1858d45a1b73d560eae6b5ed1b9d2eb75aee8dee8d55c7e1b6e66c96,3
1357930,8f1fc0665ac85464808fb81236ed7e505ba5cf989f78297a082f54770adc423d,0
1358214,f9ccd3285d81cdb3f20962456ecadaaaa6063d51ecff1d0018351d3dc8a80aff,3
1358800,8326171729468083ddc249c0584847b63d41d6440d3d6a770284926db6c7295a,3
1358885,13c51c40afc54476d48070cab382e50bc330576cd548549d569649784edfcb76,0
1359027,f18d8c908ff09d856754a50a0ad4d235607b65fa967f941f91cdaf27876d2d18,2
1359514,9bf70b69a57be0b0b403dcc2c8c723069e95c9eba0320666b773bbbe18b5028c,3
1359550,8d519a14c074d08ffd2d05ada80c1d84ea0d1551c9c16d1735d0b6c923593a3a,0
1360281,7da5985efa2855e34744f4a34dc01b46b0d5723b7888b3095d21c46d8f6c2dc7,0
1360441,bbdf6cbb305510f7a24871d2c1137ed9df85e1a654571b221c8843c1243dcd8f,2
1360465,17ce5ab310550e5bad62ef6e83bc9e9828fcb9765eefb70dbaddaf6fb341e598,4
1361293,e235894692b885aee30fa91e932042e540bc094e808657ec451b887687046476,2
1361480,5e82ebd126e11a263f9d21c9beaeeae763a6b4ce431cfc35fa60a1865ded0381,0
1362185,ec046e65189b82d6f9b84cf9e6723eee87f8b28c37d3486767386f71a8e1556e,0
1362737,a9322a1fd319d446c11490ec70867c3122ea883c076047392866cb51d98d8301,2
1363175,80d2208a4e7f11d134cb221b97570e9bf2cada36c8b074c10b3561f626b98ba6,3
1363920,06bf65c963d93e594bc08e0c6b82fe8ee7b5e1f16e326e7b340c5850d787826e,0
1364406,b88f97bc03ee41c03b2de8a131a0a6571adc534f7852494c969eac20812681e9,1
1364669,26be345c7af2fc8b08f966a4193e22673e989054afb11b70a0bb2d8074d2fad6,2
1364710,47fb4c823ca78ba6f6694f2baed2daf57eca5dc8569a38f1597805ab6a478a25,3
1365048,bd006b42bb31cb6dc9663fefe9cd340819340e395704bbed6e0e800baf5697af,1
1365050,8478873613cf6e0fc2e759e161bc7f44ce70e68d23df0caaa589ddb97d33d7f5,4
1365402,9677c662df15379be632a9ab7c6675c50593bb68a11007ea420dc5335a88aeb7,1
1365557,dd9bf4b9cee8677d8f111081320972359d5a6dea3e757e78ce2ae6cfd98baf02,3
1365832,f0d656b3e87dffae49c8a9ed05abde099df9221c8f52a4d266a3722b5eafa883,1
1366043,26144d54d9619fa86962dd08f8ce978e2b293eaab9b07e008daad88a13969926,3
1366179,3df1fe359493bf3d4c6025276848dad5eb71051196dc65e0e1e9a3f82b0792c5,0
1366858,29ce51a1d45af69928eaef01af324351ecefbfacce4fcf3dd6332c37f7f529fe,3
1367200,295eed6c09aa96db6d0ec977540f382a650a7499f82aaca453419b979d387171,4
1367461,1c529e263244f701049412377bbfe10dbad91c0b14969e1bc61f4ffb76e5f64e,3
1369670,260d75337dd0e97e74346eafdada930864c13e2918838ac6daf859a35d862885,2
1369795,f5795a7919fb7880ef6ee1dd571078049a2a51528bf8cc9a1ae76d08c8c31c9f,3
1370410,c6750b613407d67c845d796a86c12f47603aedba65299f05b42f8c6ba36ae55a,2
1370469,00cc8560a68ee035aef095fccecef9827f37deb7801b0e97265ced1063215f19,1
1370663,45b24879b7b3e3f159bf05ddc355739b04db544d15ff3abc7f273f54987d7772,1
1370816,a3c5f74c95c806a900ab04594fab98eaeabcc759b7e0f23d45d799ce916cd7fe,2
1371463,838384c16ef32cfdfcfaf617a79ae95d69bcd45f9767e80fd1492a30991a36b7,1
1371593,f35aa971009f8af16f69843f6cca78847138191b1946f71d5b8a39cdf0c6127f,0
1372351,ece999bf2736303885da0757b1b8b7d8f2d6ead848df0e2b301e6a0eb086f5fa,1
1372461,3e68404a1b5b0ab7d529b65d9b2035ef9a4db19c5a62e028393c8a4f8dab504c,2
1372480,8478873613cf6e0fc2e759e161bc7f44ce70e68d23df0caaa589ddb97d33d7f5,4
1372659,26be345c7af2fc8b08f966a4193e22673e989054afb11b70a0bb2d8074d2fad6,2
1373750,889f8d1ee091d130a3a72c8694e925a1932e2500ba64b25374a863da688f8d28,1
1374528,60bd57c6e4bb7412b02e6ba9333f6707a9c54eea1fb5c0ae50e864f6eb831eda,4
1374793,99cc55b5efad90dd99f3450c9186c079d12643ada1ccf378f5915c139d95e366,3
1375379,d28fef7b4cb3be181cfb074879763ee7b13c08c3899244bead43030ff2fa2c12,3
1376024,c55f8f24a1d984d8b602038c86655fc75c26d2cdb11659eb3af2f012541a9726,0
1376825,8c05499da995e4c6cff5f375e83c351ae98a1cf0a2d8477f19f8e6b6c690d041,3
1377327,a2ef6f4b194a85d740eaa6b6249db10685a69d6274b70333903524de4a8010b0,0
1377473,8f476966912d051dae8d39e70c316c0d44da62eb856fa514a0aa521d11a359b3,3
1377514,219167d4add956eab917f44ebd788bf7ba544b6c41ac9b9850b4194634ccfc33,3
1378408,7b172cf1ca3270fa2de6c43b4df2f88c2cecd64888e91c9d429d72f86feae5dc,2
1378529,c6fa6b1892905a0a51d350d87ce7c79e814a7eb9a210028ba7f428b4fbf795bd,2
1378717,f656d0513b52b92852888dc0743e1014304149a3523c74e4fd9b8ec8b2095208,0
1378882,e235894692b885aee30fa91e932042e540bc094e808657ec451b887687046476,2
1379064,34e124ee84093201cacea25801d775578f29269980b1baa6173c08b99ea28c2c,4
1379185,f656d0513b52b92852888dc0743e1014304149a3523c74e4fd9b8ec8b2095208,0
1379781,3322edd076db77e1733ea72abacfba25f7cf310fd215a50421a2328dbf4639a3,0
1379827,833210fd9774f6b55f3dbcbcccda04960ecc622054dd60bbc403fb380571f581,2
1380167,abd305c041a982d6795846bee42f5238e02351ed3e7f9ff5151d1f470cd4f081,3
1381119,d195f7407231df7fadc0198acaaacc3cfd2a3b391103aacc59b947b707c352da,3
1381949,9ddd37faa3f947ceeb457a6dca33ac826aa0435530026c492272de9a526d6938,1
1382246,c3807d3e800fe2ec9070725f2b0df384ff01e021400c93b6700922b1e7d5f4c4,2
1382950,05db573d614e577e9a96c90c39aa57f6446a625336142ad33dc7686434538237,1
1384019,1025f2d1e3a5a84a70f8836cc7277999177ea7eb9ae0a18b5d37b624b31c5bd2,3
1384190,64e70227660fea274a85870ad8106a80618886197bc210e85fed73a292f59afb,1
1384223,06bf65c963d93e594bc08e0c6b82fe8ee7b5e1f16e326e7b340c5850d787826e,0
1385469,91ddf9f7ce766f55b31db10570e127b6331ea20a2e0d67c0540903376c53912b,3
1385480,8e33340e58ab2fc991ec45c064d9518de1daecc0598a443910f24a3dbbdffcae,0
1385711,816c07ec45b72f5c630b8d127633952035e863f714a8692818e316cc80972ac0,2
1387085,d4c8997e91d1f571e0ff6ad7d039b19adf05994168adf4edf8c56cee70420a40,0
1387135,c715699489c85767822e8523b7649c012de8a3b3028e19984dde230baee8a16a,3
1387395,2b6bf887f33c7d8dd7f87c345d5ce082f32914d36281f65e5697da0c63ccaadf,3
1388087,1b08944dbbc27fc316c2d9743a9709917bf9e969e31059087f007c3d048e7a4b,2
1388200,2cf03e725a758b7ab4ac4f0b6d158d59894448171d4b2390e2692d9f7fb19497,4
1389538,6b8768d597031035167f9f180014fd9163a78f05aa18a90ecc136e394b241b80,4
1391123,16a8cb0da9371211d90e5f62ba10c5440e2f00a8a99f9c2c22347002f9648cd7,4
1391231,c6750b613407d67c845d796a86c12f47603aedba65299f05b42f8c6ba36ae55a,2
1391370,3e37ce83084f70c657c11c51958205cad70f5daa5cd9db0fdbf53c62b78ab11a,0
1391817,baa5dc2d3f640d88a2a30fa4ca1560d88e4837f5783984ba76b4fc0fbcbf5877,4
1392447,d28fef7b4cb3be181cfb074879763ee7b13c08c3899244bead43030ff2fa2c12,3
1393255,0e827a8a7a12a7c5afd02a31d127eb7497f98aa9415ebf0c2e7b8dde12b784c7,0
1394198,44dac912eafb122038fe118edfa8eb8c8a8b8de3c8f1bd254b6b4e7473cb6406,4
1394379,b2b766c5231c996a4a6a3a64b3089af67cf82a813cd717ad919477b0ff456b34,4
1394415,3f1003fd8f08df3647101e68092653a51f5a365a1fbb7e2fdba64fad35432c2a,0
1394974,8d739e82fe045a4198e1cff1ecc935ace9a638a57151e79b37e0abc617f85282,4
1395371,970cf3a9fd721f63cf5b01342f158659e250878d264a4e821c8d3a9662d0357c,4
1396222,295eed6c09aa96db6d0ec977540f382a650a7499f82aaca453419b979d387171,4
1396634,44f53dc89b86f314e1710106c1df9090d107d4cc8d41a27d8bbe8623bfcc4b1d,2
1396667,b0989d23c9dd96927641f30eb257c44367f725d3c45c88fd6673a591e1f894ea,1
1397087,93c82c161fb1b5ff65ebcf0adc1c6fa639cbb298bf844b2ee9f81ac20476d30b,4
1397917,b61330780101a3e534e4ccecf1d695e4dc2135c9693740b7efe6b787c721ee2b,3
1397927,6ce483da4494f7683e5d7c34b4319c570f412dcd172f1b785d7735ccb1ef5639,4
1397948,bff24edd3f063d91c46eb46b509db10f4ed4a50ff0bb14f8e2b4ec92a86b9d88,0
1398052,b0b8b32a03727c538d6261c9230f5fe8b3a6238bf21ab1d33ab37be3311789c0,3
1398380,3a606ce3e961c6249f4f7dcb21b6932ec99bb260c8f5b7486656969f51224f1f,3
1398773,5c530fb55057bfcabc3fece0f9d3e682bcf46c579053252e38a70ee0e349663f,3
1399283,f167717fb2ed36e774225dd5b609cd208e028ba12cfc08946de444227e4e80d2,3
1399299,8f990f3b4187ddc40037674a148383955beeb6a38d9e3905fbefbce74edfb344,0
1400051,cf5c44741a46cb5caec214aa188f979df235bba3d7053d13987861f377e5306f,0
1400064,1b08944dbbc27fc316c2d9743a9709917bf9e969e31059087f007c3d048e7a4b,2
1400186,c072b1f43ef71e93e4e43170bcc99b3624982886af28cb4e370fbbcd63ccec8e,2
1400493,f656d0513b52b92852888dc0743e1014304149a3523c74e4fd9b8ec8b2095208,0
1400819,96ae66e5de51bc1015b7e125724e5088db1b1e82a92729bd6512e0c45cc1377d,4
1400896,85cbc08f7c168909eb35139cf5a9f650325a448ec4c819434a31b82f09cfeecb,0
1401251,5553c0ef1e0c8439008bacb2a93f26d64f39c9cb721361139b211cbf8d980c31,0
1401295,f656d0513b52b92852888dc0743e1014304149a3523c74e4fd9b8ec8b2095208,0
1402973,c074a29d2e7d42f44d8c4990a2e87d3808b6e363070d5142d5e0ec7b4aee7b5f,4
1403780,3d6d2f041c23b33f8e32fd026da6021f5352134b3b35a8f77a31f55c125e32b5,4
1403789,c7698580533a220dffb6a82f47a3594b99b63128559074df525f3d812484e297,4
1404861,e8b4bc344337315924d6ec163f4fdbe04823223ae9cad2742a9f0c05337fa1af,1
1405230,f53cc297a0486afb4b9015062984ba4ac59c3e7ec997ac555a9aa4ac26544898,3
1406229,11d22da33f509e13de5ed994b04bb97e8b93d3887a0e7fce5241b06e6b720723,1
1406837,b731a6472f90125fc315e7f455c4d69c3731c06457eef8cdfdba0691a8943bd7,2
1406878,bff24edd3f063d91c46eb46b509db10f4ed4a50ff0bb14f8e2b4ec92a86b9d88,0
1406923,ea8d6fe93610ae8edc45db4615a7a1321be7566b8350b1426dabb0c9b40b3cb1,1
1407147,0293dccfbde7731f360043ce864e207930c60c064622c523ae8a451b9e305101,4
1407794,d4a7c54fefb03b7e05a6badcf216a264e410f90b973254bf5448128438a21264,3
1409094,3b37edd4103a2465abd80c43e7da4b1b54ca5c3bd04835543ea2fe190ebef357,0
1409760,48bfbc47fa45f1a85421d80afbac405013c064a2a68c5005720e06759e830aad,0
1410194,bf019b6322822fd4a664300f27e999839904b47ce77411d398e533ad9a8121c7,2
1410260,f656d0513b52b92852888dc0743e1014304149a3523c74e4fd9b8ec8b2095208,0
1410603,96ae66e5de51bc1015b7e125724e5088db1b1e82a92729bd6512e0c45cc1377d,4
1410725,c8339ed2b283623129d85c18ba81375c54f227b3ec063ebe193c0e456e12840b,1
1410991,7da5985efa2855e34744f4a34dc01b46b0d5723b7888b3095d21c46d8f6c2dc7,0
1411843,e9a37592be6e6588d2a66939fb4d14602051631f91d82184103af7da866ca3c1,3
1411967,27ff3754632a1ac5887a9164a868a6e2cb9e334b7be3b632a896a6ea374edc19,0
1411978,a47f690da42da041cf6f2162c736d42cf74e62fc87dbd420882384fff3782dd9,4
1412108,5fcbf31e4d20889b16355fc046eb8ff52cb5c475184eff1a314e5c83bb3aeaa1,4
1412623,15a2749a64d99f5748963f78fd9ecc164669fd0827a61dc31ab1d0a34d627267,3
1412696,4342da67c1fea113d747242df7008683b36f42c9ba4f2b18e4b04beb29df8b71,2
1413167,db5f1a085a445a011e36f2e5014265ae744db959b05c5097464d6982589f26f4,4
1414256,26144d54d9619fa86962dd08f8ce978e2b293eaab9b07e008daad88a13969926,3
1414385,9f604ba7f5da7daa4a751bffc0491f2e388fe42113de825bcd3fdbb2fde71141,2
1414673,3d6d2f041c23b33f8e32fd026da6021f5352134b3b35a8f77a31f55c125e32b5,4
1415234,e13d97e49683f04c8f19a946531e539610293fc0c0b0bd38beab1b0b8fd6e752,0
1415592,5e82ebd126e11a263f9d21c9beaeeae763a6b4ce431cfc35fa60a1865ded0381,0
1415664,772fdd1bfc7b2a2e5472d4331fb106860c4eba45da6a7e972fafaa6fc09f1a5d,1
1416596,5e82ebd126e11a263f9d21c9beaeeae763a6b4ce431cfc35fa60a1865ded0381,0
1416682,3ce96a243ebbd8a05e61fa087cb25e1f88a93f58bc76b4f81d24afa6b68f9ae1,4
1416741,4b2df152db7fee6a0df1bce90065c35dcb95596dbc7920751ea1143dde8f0acf,3
1417457,2963ccbaf5d3d660d3654064eff5091d5c8748e83e65084ad263e66e8ae2a1ad,4
1418602,f9ccd3285d81cdb3f20962456ecadaaaa6063d51ecff1d0018351d3dc8a80aff,3
1418950,92434f40d9a3180cf76c12fddfa84e756d66b0954702d8daaffe2bf6a3adc787,2
1419503,894257b15c046dc65499fc6c12cb666b5ed477335732d63828ab510c03ae36a7,2
1419535,4c409fc27b86b12ef64e876ea8934dfeadc9eb1b5c0547d3648678b40df01beb,0
1420260,40abbd5964bd2e2219307a48b903ab4cf2c90e83e49a336c82924ac948122b53,2
1421371,c3807d3e800fe2ec9070725f2b0df384ff01e021400c93b6700922b1e7d5f4c4,2
1421416,b300343be7939fe54d71419d21d0853fe8ab7335adb5a6cf9e1d740e26539391,4
1421678,232b414e56b9a698112bfdbef3f6c3f84377880d11250783a2275f50f8c38bcd,2
1421848,6232e5fcc12d84191c43c79b9304b25a8aa42789aecf4e9cdc0fb379e95aadba,1
1422421,e235894692b885aee30fa91e932042e540bc094e808657ec451b887687046476,2
1422782,0b2f66c94be56d1740fe3442e470e0885eaa7b38c4eb9cbcc4c75ad1d3f9fb47,3
1422954,6ce9d09feb37535741f38300f6219c0e869b129508a36dfc57b9314c556c9d1c,0
1423291,5c530fb55057bfcabc3fece0f9d3e682bcf46c579053252e38a70ee0e349663f,3
1423707,3ff4109ef69ef8d03466da375339497d759093a851e00d89925854bc7bcef09d,4
1423938,2bb61eda2a0d0a17a186158bc165c48dd516b19e030841b8d68cf88d72267625,4
1424022,f9ccd3285d81cdb3f20962456ecadaaaa6063d51ecff1d0018351d3dc8a80aff,3
1424085,312d9cc32c0bc8c105f482782210b6eddf98ba466486e9c4f705ef70c13e2713,0
1424331,d9a6130b5aeb9e9112f68e0ab5d3c12d7b8167f23597e61c5f9dcf3af06c9b05,2
1424566,f29ad1d7ecb015bade5734303c4eaa409d3648ae38c1f12ba3526e27947b5b5e,3
1425906,b2c48022f83bafa76feb835a87049b428cec6340646dd277d86b6fb47d5baa94,3
1426698,e225b3ef9d6d7253b80f2700ba0de24a3bf0241527bbda75027cd4e05e485bf0,1
1426775,edd504edd7d2034cbce2d5a7770ee89e0d509b56aa9f0a2fd5d39b567f9036bf,2
1426789,9c6d70211eebad466d288d8152f31c6a3f9336843b8eea4318eca7b8ebf54a8f,3
1426880,4b2df152db7fee6a0df1bce90065c35dcb95596dbc7920751ea1143dde8f0acf,3
1428715,c7698580533a220dffb6a82f47a3594b99b63128559074df525f3d812484e297,4
1429238,fcd2ab23bbfac0902bba74ee8eaefcbb9185debb727229cf774bfd7c44a0bcc0,4
1429476,2963ccbaf5d3d660d3654064eff5091d5c8748e83e65084ad263e66e8ae2a1ad,4
1429658,e9c37968c9def264dac99d0d162378ce7ff7fa0e9cb4f8d9a4f61f83aaa80ba6,2
1430047,3ff4109ef69ef8d03466da375339497d759093a851e00d89925854bc7bcef09d,4
1430101,d728a29f11504d47177100d858f13d839659fb59947c957e421856360e1ad714,1
1430775,ee490ade39fc33b319182e9e8fcc980e9712bbfc58cf6d9e44094a54e8a29819,0
1431339,460ee380a73f20441faf7b93c4629ae9fcf428a87a06a0d77917cddff4b0efd1,3
1432429,479d7b6fae99817e846a7c180c2b55e0f7ed85e3e4505895902c4a04ba5bb6dc,1
1433803,b0989d23c9dd96927641f30eb257c44367f725d3c45c88fd6673a591e1f894ea,1
1434811,8e33340e58ab2fc991ec45c064d9518de1daecc0598a443910f24a3dbbdffcae,0
1434976,a708719de768e7ebc86fc365b3520d764fbf67f4bfbbbfa4a5e45253a30648bd,1
1435182,76cebef133ef4432e656899ee466e0b05f2f6ee431f6a625b4cfd734cf8aec3c,2
1435185,1025f2d1e3a5a84a70f8836cc7277999177ea7eb9ae0a18b5d37b624b31c5bd2,3
1435463,772fdd1bfc7b2a2e5472d4331fb106860c4eba45da6a7e972fafaa6fc09f1a5d,1
1435501,00cc8560a68ee035aef095fccecef9827f37deb7801b0e97265ced1063215f19,1
1436119,56d2ecd61775d329aef96534af3b1cf51f93f96469a4d0bc0f3f8c9633764cf6,3
1437292,27ff3754632a1ac5887a9164a868a6e2cb9e334b7be3b632a896a6ea374edc19,0
1439154,657ef54b7141b2b301bbc6fac84b57b2db7a58ef49e4e65bf50a9a120e561e0b,3
1439204,2b60f22b78a681683b56cc7bf59154f16797dd65fcfcbc517f23885e2680d03c,1
1439221,64e70227660fea274a85870ad8106a80618886197bc210e85fed73a292f59afb,1
1440322,f545f5a01189138e1e607eca35434c232ef24209f00a8347d72e8a75e1bb2914,0
1440417,c7698580533a220dffb6a82f47a3594b99b63128559074df525f3d812484e297,4
1441123,1d3e02ae16ee3dcab1d5dfd006a06673774cafbf2f9ed6d056585ea8866fb2f6,2
1441176,13c51c40afc54476d48070cab382e50bc330576cd548549d569649784edfcb76,0
1442648,56c1fb46edde606cbd04486d6242625e4c26a4a29d89795ff84baef986e2bd02,3
1443140,8e33340e58ab2fc991ec45c064d9518de1daecc0598a443910f24a3dbbdffcae,0
1443577,b2b766c5231c996a4a6a3a64b3089af67cf82a813cd717ad919477b0ff456b34,4
1444125,f656d0513b52b92852888dc0743e1014304149a3523c74e4fd9b8ec8b2095208,0
1444187,1e42552b65672178741cc2460269aba9f6d80540ce65b4d1567ad76e9c881fac,1
1444444,ec1daac1072790f023adf9f00162570b5ba448171e57456bb01a4ed4c5942ac4,0
1444570,26144d54d9619fa86962dd08f8ce978e2b293eaab9b07e008daad88a13969926,3
1444686,96273056ec6284b5299c866850db39b8174a7737ebe426da17ae2376f9e8b2e3,2
1444757,f656d0513b52b92852888dc0743e1014304149a3523c74e4fd9b8ec8b2095208,0
1445058,506fc8a729e30632de3283726e5a8d8b9aeb453e13e267265c75b893c74c765b,2
1445694,abd305c041a982d6795846bee42f5238e02351ed3e7f9ff5151d1f470cd4f081,3
1446036,8f1c98e97d3daf9ee9364b91baa1876de7711dee5a7d6c17ae7cc1be634629cd,0
1446180,d96d56e33aba84bfac6ece3f1cd31d056a98e3e53cae8d91eaae368bb5d7c176,4
1447025,14d199a03baa5a7b45de4019f285b9ee15d1fed332c7ae79ff1d2cca7085403e,4
1447591,abd305c041a982d6795846bee42f5238e02351ed3e7f9ff5151d1f470cd4f081,3
1448944,7da5985efa2855e34744f4a34dc01b46b0d5723b7888b3095d21c46d8f6c2dc7,0
1449121,5e82ebd126e11a263f9d21c9beaeeae763a6b4ce431cfc35fa60a1865ded0381,0
1449141,8d739e82fe045a4198e1cff1ecc935ace9a638a57151e79b37e0abc617f85282,4
1449752,15ff9c426183800ae857adc866d424d8168f22daafe1cca23e5270ba8cb9e8a5,0
1449862,9c6d70211eebad466d288d8152f31c6a3f9336843b8eea4318eca7b8ebf54a8f,3
1449976,3dc43e86e5ca89fa2237473bede66fe94c7719ca16144581bc1f45260cda9346,3
1450300,8d1609064c8af0bce88fd64b94b64422fd11c64df0320b90056350ba8f6efa4a,2
1450515,e3853b5796e166bff6ed0e64ff44dfe6b4a803cbe64a8f97e5efb516044fd8ba,4
1450684,8f3861789a621e7d4a46e8c803b5306522decd2628c22b4a19721f319ccdea63,3
1450785,15e8e4bf527e2da3d90336e2b9c164ef0c18c76ebdc434c4cd8bcd36d2c008ea,2
1451010,239e35012c9f105dbeb791b817c1843fc996c4fecf36b97c0c0b6cda5c34d99c,1
1461071,d4ea147ed105b2c5d18299ed99e7464b22b30d0c2460b4d1bafd63f3f293fa48,0
1461149,31f7fbaf70620d477f5d9d29ca857a4c67c03c776c2ce6709a204901085d2e2d,1
1461224,d7fa901d3f2acc0e854b246ac48322dd781e279acc0770f18b75d18ded38946c,4
1461350,295eed6c09aa96db6d0ec977540f382a650a7499f82aaca453419b979d387171,4
1461382,53e5803f1b646cbc814f99c6fe286a85caa05bcc30fa91483f621c4c2e4b6680,4
1461637,55b775ac211aaecd37015035c179c4dfa7992273c56af251ddd4bc7ea1fb7f23,2
1463023,e235894692b885aee30fa91e932042e540bc094e808657ec451b887687046476,2
1463255,86b8ebc8e8a202024c963d90b27ec2bf074e898f66c5571fb7b783c2fbbc3fb9,3
1463811,91f2db7dc9fbdcda30fd659383e79c881dd42348d36c47800a7fc19a746b6d27,3
1463842,609cfe3a086fd63a9cc905885a43249a436a1a78068d9ae2fb403f92a8f492fc,2
1464219,2b60f22b78a681683b56cc7bf59154f16797dd65fcfcbc517f23885e2680d03c,1
1464907,e3f514fd82a0db2deca2165bd8d5a956fbbe9b698d77644b29deb185409f7853,3
1465577,1d62d2d0b6389e0a27e1527d65653915a1bc69dcaae9c87b015b559c892e71b0,2
1465585,d8c3aef83c97236b0fa840f740bba0c68d710feccacd62bbeead495169440600,3
1466496,a9474407259a456350889d0ff5fed5891f7eb98a002a72ab2c277c0aeab44923,0
1467956,d0a60d14dfe244f081cac2593f2c1fc83f570822bc8d2dcb7ee5835e312ceef6,3
1468243,f29ad1d7ecb015bade5734303c4eaa409d3648ae38c1f12ba3526e27947b5b5e,3
1468277,9f604ba7f5da7daa4a751bffc0491f2e388fe42113de825bcd3fdbb2fde71141,2
1468856,d28fef7b4cb3be181cfb074879763ee7b13c08c3899244bead43030ff2fa2c12,3
1469415,e99e8b429123d31069974850ebc54fb0b8cdc33043c78293bd45ddf70cc7d7b9,1
1469777,89d205e6cd71cff3c0118e846bf2a4854d898c957147f7c65e6f6844974d805a,3
1470211,8d05018cf1e3a37505e6905b05c65eed279346068e6a2ec2eee1b671a7610155,1
1470537,cc7e8ae0450f732930a36b5bdd731598bfc44da3d2fb1565d1f55382a2b1ba3b,1
1470624,9c6d70211eebad466d288d8152f31c6a3f9336843b8eea4318eca7b8ebf54a8f,3
1471149,43003aaa5e99badaf3d1a9f0cea7f7617dccf27da311e3f80a0e7742860888f4,3
1471798,008bc24b3365063b8c0b5e84b987ee6147543239102c780b4969683ffe74ca91,4
1473941,e0cc5a412e141313e50ba81bf343f78088890a4bcdcbd5d2696f7b41bdfe2abd,3
1475621,bff24edd3f063d91c46eb46b509db10f4ed4a50ff0bb14f8e2b4ec92a86b9d88,0
1475682,b8eafd29b4c86cea054e5199cde65d9e264d4238d3f9ffa96015b8efd1d708ee,2
1475889,e9e330aa1ab11d2d5b1c62e8d1f7b8793f48c1480fbfd67f79bb442b8e7aa747,4
1476174,d9a6130b5aeb9e9112f68e0ab5d3c12d7b8167f23597e61c5f9dcf3af06c9b05,2
1476399,ad9e35a54e22b51f5bebbb1ae5615b06d1262edf422c21ac3d37e1c046759cc5,1
1477671,8f3861789a621e7d4a46e8c803b5306522decd2628c22b4a19721f319ccdea63,3
1478215,e3f514fd82a0db2deca2165bd8d5a956fbbe9b698d77644b29deb185409f7853,3
1478297,321fadf24a9e46d754275ac7aa1e7bce9c4bf438ce01e636997f9332900eca11,3
1478446,44f53dc89b86f314e1710106c1df9090d107d4cc8d41a27d8bbe8623bfcc4b1d,2
1478462,6a3ee1388912e38ba17d49948d100d6d077f171054c9b76bc19ed0bad9e00894,1
1478466,1d17b9df88f33ff16b3a2ee62b7a44ea6d4fc164d803a3382532258a57a3452b,0
1478485,9602491c95dfb21feff4c291a5a5c5603ecb6e9bbec3eda13938c3213c2c1f17,2
1478553,0d8d6033ef9c2272edb96c2bbb21dbbbc9968f4d01b835a8b01dd982181e5e73,1
1480008,feba12e07be796543e3b0a6d747b9006c3d6fa0aa94c1c9ed46f23ce71fa66ca,1
1480035,2bc04ff777fa436f946cb6b7a6ee86c15df6bb34285e57b515fae4be3aeb5fcf,2
1480226,56a36f65155199a654b4db443bed8a41bfd8e5b440a6172c8fcb52b2d2107845,2
1480343,7c3728d305f0389929da351f055a0dec933139a87a5346b535b7b338cb314038,3
1480682,28ea10cc6f6017acb112a6246878e05e5b8bb61d2a23dc978a636396d4a95e7b,1
1480828,1d17b9df88f33ff16b3a2ee62b7a44ea6d4fc164d803a3382532258a57a3452b,0
1480969,f656d0513b52b92852888dc0743e1014304149a3523c74e4fd9b8ec8b2095208,0
1481022,286dea696da6790b0d0fa742581651805e5a70052140ccd236c2e3474b5d3829,1
1481314,40abbd5964bd2e2219307a48b903ab4cf2c90e83e49a336c82924ac948122b53,2
1481328,4c6501cc2ffd5fc36ffdef96ae7ff0b06edd76fc895ba57733ffa28c3d0345be,1
1481456,d8c3aef83c97236b0fa840f740bba0c68d710feccacd62bbeead495169440600,3
1481727,e13d97e49683f04c8f19a946531e539610293fc0c0b0bd38beab1b0b8fd6e752,0
1482690,c3807d3e800fe2ec9070725f2b0df384ff01e021400c93b6700922b1e7d5f4c4,2
1483555,bdce664245d10adf3418713edb53f739c4836e89f45e73f028f26c13175bd027,4
1483962,34e124ee84093201cacea25801d775578f29269980b1baa6173c08b99ea28c2c,4
1484541,a7ef18b923421cb4800cf5cb2d3362ab4d9a36c7cb4ef26bf1c1cbe6d27e8c5c,1
1484871,c8be61fc35aff1085179109b8997a0ec8ba5d0c1e2190cb0ee7499ceeede855b,0
1484892,6b8768d597031035167f9f180014fd9163a78f05aa18a90ecc136e394b241b80,4
1485077,f656d0513b52b92852888dc0743e1014304149a3523c74e4fd9b8ec8b2095208,0
1485769,cc7e8ae0450f732930a36b5bdd731598bfc44da3d2fb1565d1f55382a2b1ba3b,1
1485930,15ff9c426183800ae857adc866d424d8168f22daafe1cca23e5270ba8cb9e8a5,0
1486264,d9a6130b5aeb9e9112f68e0ab5d3c12d7b8167f23597e61c5f9dcf3af06c9b05,2
1486555,295eed6c09aa96db6d0ec977540f382a650a7499f82aaca453419b979d387171,4
1486704,7c80947d3dfe281be394b8dcd2236d6ccf301b9b2cce7499cee5a10fbc3c7aed,0
1486770,a4a11ade0379a655233e94678602b3787c930033e15657477497ebeb99eaff04,2
1486840,67f3ad07133767ecb4c79b47ff71d612e6880923a9e096312aab898ff9eca152,1
1486878,c6750b613407d67c845d796a86c12f47603aedba65299f05b42f8c6ba36ae55a,2
1487283,0d73367ab110e97366738c8f298db0728c9d1be0d7bfd3ab1b86f74666ca9ce6,0
1487874,e3853b5796e166bff6ed0e64ff44dfe6b4a803cbe64a8f97e5efb516044fd8ba,4
1488120,c072b1f43ef71e93e4e43170bcc99b3624982886af28cb4e370fbbcd63ccec8e,2
1488534,15ff9c426183800ae857adc866d424d8168f22daafe1cca23e5270ba8cb9e8a5,0
1488763,e75761f50b21435f11a96bb902eba24483bbb00ebbd5458ad86880ba9880fddd,2
1489514,a859edce12dc1f42751f871ed3f46a195e525f9dd7ac05c2aa3f386646cee390,2
1489526,8f3861789a621e7d4a46e8c803b5306522decd2628c22b4a19721f319ccdea63,3
1490551,10c9d6a7029cfaf98ce8171c01a361bf9afd799a2b2803fe47e9d7b8acc98d57,3
1490649,4342da67c1fea113d747242df7008683b36f42c9ba4f2b18e4b04beb29df8b71,2
1490801,96273056ec6284b5299c866850db39b8174a7737ebe426da17ae2376f9e8b2e3,2
1491110,0d8d6033ef9c2272edb96c2bbb21dbbbc9968f4d01b835a8b01dd982181e5e73,1
1491354,650ac8a6c1b38439ff9f7b49f518c2d6b3f9166dd16c443ca6d024e0abebb3e2,0
1491421,4c6501cc2ffd5fc36ffdef96ae7ff0b06edd76fc895ba57733ffa28c3d0345be,1
1492580,f0d656b3e87dffae49c8a9ed05abde099df9221c8f52a4d266a3722b5eafa883,1
1492758,a46c09a3c9531925631fb325642b087eede91bf51d2e44be86915843f8cf25c3,2
1493671,e99e8b429123d31069974850ebc54fb0b8cdc33043c78293bd45ddf70cc7d7b9,1
1494106,c8339ed2b283623129d85c18ba81375c54f227b3ec063ebe193c0e456e12840b,1
1494207,d4ea147ed105b2c5d18299ed99e7464b22b30d0c2460b4d1bafd63f3f293fa48,0
1494480,b71226c26481a2ac7d1db2b932519e1913869929b59f101bfc092d99bf362312,3
1494573,2b6bf887f33c7d8dd7f87c345d5ce082f32914d36281f65e5697da0c63ccaadf,3
1495848,0c22327c8f1eb5cc72eb37394a1df18dd6d40a0d159c0421a0daab035da0a143,1
1496106,90e2a81359ebdea96c880452eb39142d264eb6d5d9faa3c588f8d49e035afdbd,1
1496392,ed6a2e694c12013e1d9fbab162f7826c84bd8008f3c94743d5a7ce2edd46948e,3
1496676,8779fd7ad0a4af61ae2ab8d7df2888528a4f16c9ffc29b7294f0ced3e7ead018,4
1496834,8e33340e58ab2fc991ec45c064d9518de1daecc0598a443910f24a3dbbdffcae,0
1497024,13206c86bda7a59173745eeb804150dedddbc2df3ea0162a92832efad3464583,1
1498320,260d75337dd0e97e74346eafdada930864c13e2918838ac6daf859a35d862885,2
1498431,2cf03e725a758b7ab4ac4f0b6d158d59894448171d4b2390e2692d9f7fb19497,4
1498488,7b30044692fe3914571b2a0c2c8a7fadc3efd901b8614709691433cc9d06803e,0
1498684,cac47b8fdcd3106dede98d245cc66159f678d8c9fd851f195eb6f9c9b412d987,0
1498932,56593ed9d03bfe1cea0ad939d4c4e3f79c3c62e5bd4778333b8bcdceb8c84ca1,3
1499276,0d8d6033ef9c2272edb96c2bbb21dbbbc9968f4d01b835a8b01dd982181e5e73,1
1499473,c9787fcc9acdd0baa3f721f5b1368b0220e5d85fad59832a08bffdfe2b00c8b0,2
1501217,0149f3d41240d4efdf7a5a01fbe7fd2ce5bff59cb03757f921c510eb27cb0831,0
1501969,650ac8a6c1b38439ff9f7b49f518c2d6b3f9166dd16c443ca6d024e0abebb3e2,0
1502151,4bc93ac7efe2375103ff95393416bbb49e548b80a0537a438e048b24eb82d560,4
1502536,8f3861789a621e7d4a46e8c803b5306522decd2628c22b4a19721f319ccdea63,3
1504012,215f857a90ee7a7eaebbe674661ffb09f407a3cdbe72ef14c092e8e8a880859a,1
1504354,ba84648170f9aefed295a8aa0b140c14b09744053bb1f5fdae9cf4c44a905b2e,0
1504575,b99a939a9a98b03e70bd4686406201f9132e891006465f98160ca4bce7e44284,3
1504767,cc7e8ae0450f732930a36b5bdd731598bfc44da3d2fb1565d1f55382a2b1ba3b,1
1504857,00ec5042a2b69489663c92953fa0478b76f9f6b0f9e6bed42bd44b8f65212c49,1
1504861,260d75337dd0e97e74346eafdada930864c13e2918838ac6daf859a35d862885,2
1505534,3c7543ef83bf0464f372f7a8b87490aa9e7cceeaa9ca0dcd68155006a1008235,0
1506317,fea2da02adbe85af4e389097e22d6e949a958180d91753c4f9ba18e7a9fea13b,4
1506450,248072d661f78fa331525d86f065cb2602110931079f589fd9dc2b9fca9cd4c2,1
1506479,f167717fb2ed36e774225dd5b609cd208e028ba12cfc08946de444227e4e80d2,3
1506618,740746cbf9ec73fabad3e13e8db7fd762171bdf28f3eec3b3eed17cc85ff1d05,0
1506744,6dc5e80200983e8e31b36adda7802d096d9933c72fc08bebe7c5aa89a4126df1,2
1506838,f36605e696944089e1bbcf18995ee9d8f9fa6a2cd97d60c18f480025f81c797f,2
1507015,3d6d2f041c23b33f8e32fd026da6021f5352134b3b35a8f77a31f55c125e32b5,4
1507563,d4c8997e91d1f571e0ff6ad7d039b19adf05994168adf4edf8c56cee70420a40,0
1508049,e235894692b885aee30fa91e932042e540bc094e808657ec451b887687046476,2
1508577,4547463f108392cf54b39c87dff2a0f02a0a390bdc973e06221665171eb6d189,3
1510103,bb2f3a50c2b86b8254480491ee25d4c1c67c9b59ab8d158fb3e0887870f64d8b,4
1510243,fdd1adda7ee5b1b440632d6ab4eb7c57b480fc4808d0cac60539aac985d4b0ba,2
1510429,eb09422ab73c4c841d7e5340d95e47aaa383eff8b96ee08bbe5b9943a1f274c5,1
1510471,65d5be3d9f9e127f680b825f27247cc69b948236c3794abf087c8c08c2a254fe,1
1510554,9b2ea385ca869929f0b49064f6c5a5b1efd74ccfc0f8a7c4806918f455469fac,1
1511053,970cf3a9fd721f63cf5b01342f158659e250878d264a4e821c8d3a9662d0357c,4
1511084,282b42e79661c3b8fe42090d21b106154c9ca11a1b3e118c2baa94f0df4c81f5,1
1511645,e48ffd0b5aa6620f79890a21a36f7949bb55f15208ffe9d120df27609c034993,2
1512383,274b114f97707f5005127a1227d4da7761f4d24b09388106dc42a93d3cb36688,3
1512863,d0a60d14dfe244f081cac2593f2c1fc83f570822bc8d2dcb7ee5835e312ceef6,3
1513615,fd5a4caec7e8e2a1cbf5f357ade1d996fba3d376dd2e5ca16a9e63c78aa59306,3
1513720,1cb73aabb5269c2689094d4cec6d881826d5312a5b1ebdab3303b3a3c835601d,0
1513725,10c9d6a7029cfaf98ce8171c01a361bf9afd799a2b2803fe47e9d7b8acc98d57,3
1514081,4b2df152db7fee6a0df1bce90065c35dcb95596dbc7920751ea1143dde8f0acf,3
1514424,15ff9c426183800ae857adc866d424d8168f22daafe1cca23e5270ba8cb9e8a5,0
1515169,d4c8997e91d1f571e0ff6ad7d039b19adf05994168adf4edf8c56cee70420a40,0
1515175,d873166ecbd55546758ec8ba1b4e75bb49dc052b98cba238606495c13389ba58,3
1515595,3ff4109ef69ef8d03466da375339497d759093a851e00d89925854bc7bcef09d,4
1515881,94cda2fade4a2cecd2e69c84168409d5f9fdd276fdcc37ff714bd5c627e3c1ec,0
1515911,4eedc4dd2bef6dcd11ca7aae7c5d4906ba594060065cbf168b4c3ac5fde7f34f,0
1516073,b0f1cfa48ee0c07d2b4248700f79db23f995ab5d2befa7e150510a05837fedab,1
1516119,a305b113f157540ab2f3f2f938192b31dafee9ebe1570bc29dd5ee982caf51cf,4
1516312,cc3b37f0f63d5b6f602371f75a66e0a25d32b743377bcab1b1382cd740b498f8,4
1516358,b2da5310f621c3211f7a2322948d605acd16da232fccc8e2936eb965fdce1c40,3
1516617,8d05018cf1e3a37505e6905b05c65eed279346068e6a2ec2eee1b671a7610155,1
1518135,3ff4109ef69ef8d03466da375339497d759093a851e00d89925854bc7bcef09d,4
1518178,db5b2c959afb7728853886764ed7778883486a6e99159dc13338b5c45674d533,2
1518918,64e70227660fea274a85870ad8106a80618886197bc210e85fed73a292f59afb,1
1519128,458e05613ef47b6b0147e5224ca3cdf63686371c33b8a3538515ea0cf71dcdcb,0
1519521,218577ce7b019e678d0b5b2d16b00296a306e98ae01fd74e1678c2844c748e38,2
1520051,a859edce12dc1f42751f871ed3f46a195e525f9dd7ac05c2aa3f386646cee390,2
1522922,0149f3d41240d4efdf7a5a01fbe7fd2ce5bff59cb03757f921c510eb27cb0831,0
1523306,1d3070e3dceba2f59830d9ea98b89bbc2e20e5d10ceb9df6e4e9e930c653a331,2
1523509,67d5eebb257acfcf3d692ff108fa81fb917aeb425fdc63711d2c8ed3b4871052,1
1523531,f29ad1d7ecb015bade5734303c4eaa409d3648ae38c1f12ba3526e27947b5b5e,3
1523590,cc7e8ae0450f732930a36b5bdd731598bfc44da3d2fb1565d1f55382a2b1ba3b,1
1524482,e43b9e2b4a11fc53eb7c21290a3de56f274735ede32283425e87253855a4bae8,4
1524701,42fb7f90f1ad636ed9e6030c0dda71a4ad6d5b079eefb57d48e2df5a73679c32,1
1525760,7b30044692fe3914571b2a0c2c8a7fadc3efd901b8614709691433cc9d06803e,0
1526223,e8b4bc344337315924d6ec163f4fdbe04823223ae9cad2742a9f0c05337fa1af,1
1526581,0d8d6033ef9c2272edb96c2bbb21dbbbc9968f4d01b835a8b01dd982181e5e73,1
1526709,e07dcab015d4a49af271f07c556fb231d6093998272988eba9cc0d24b6376b73,1
1527743,1c529e263244f701049412377bbfe10dbad91c0b14969e1bc61f4ffb76e5f64e,3
1527751,8e238841695dc95fa80b3320f1d19168c5cc4ba9cd9697673de5064f9ecb5502,1
1527764,f86ce72b2dfdd98b766da160d2a01097c815aed7102ad31fa1ac9763811f01f4,0
1675234,d997f8929fffb5782ad7a8d3b32101039c213c2a7f822d5db48258623af91c4e,0
1675625,01bb625585ab1f510aa5baf8519dfab5327d2b7ed56b0aa04c1b7efe1b41043b,1
1676545,64825309461f70f0fec739d56edb3e96fa15eaf951f155a37fb6a62210508d1a,1
1677019,2b6bf887f33c7d8dd7f87c345d5ce082f32914d36281f65e5697da0c63ccaadf,3
1680647,db0837a44789cec223338592205544952f23856117fc38d85ca4a1c9a589b53d,1
1680987,a31c7eaf033a5a0ea397306d7c8f047fc01265228a874287713f497d693ee00c,1
1681279,aa67b40c50678a93316bc37d8c40eb999855de4bf1c97556a55a15416214c88f,2
1682037,66456d7ca3513975f6743b21fcf1b12469e3c1535153714767c6aae62c284fb0,1
1682761,e6c4efc839fe19d201e1769314d76f5bb6a8ec7ce6065ca6d9da9bf9c4480ee5,2
1683188,b82884d52a49c70add33ad265e44ff1056ba81581a40d401fc17cc0c2d1dd62d,0
1683321,2b6bf887f33c7d8dd7f87c345d5ce082f32914d36281f65e5697da0c63ccaadf,3
1684583,dd16c3f894a1a1ff6df564bd7fc7e916c3f7026d4b3d56e04a680ac4098ac641,3
1687542,fd5a4caec7e8e2a1cbf5f357ade1d996fba3d376dd2e5ca16a9e63c78aa59306,3
1693511,29ce51a1d45af69928eaef01af324351ecefbfacce4fcf3dd6332c37f7f529fe,3
1694545,32b2b4929556c146cf9e5cd51b3575d09c6c9bd607329ac2bb6c6c3c484fbe37,1
1696373,d1172d7c696b2b9ea8818ff5a5dc68e4cdd906c17d6f3bd54aac2dc1668e63e1,4
1699024,75cb1c62c51bbb4b60c4b4db2f6d89e1cc739d85441bb963b63240f3d3d7870b,4
1701184,04d11a704d5e4191f3f60354c2c0714742ce799cce7367a17742a69a117c78cf,3
1705129,9602491c95dfb21feff4c291a5a5c5603ecb6e9bbec3eda13938c3213c2c1f17,2
1705688,9662ff83fcd57cd49a3fcb0d1ac501b597ea30086cc8b15dc46d61ca5f874bf2,4
1712157,1d723c54dd96f4de0012fab4b3255e7e0bf4d6692f9a94751f7b244d4df3c89d,2
1715192,44dac912eafb122038fe118edfa8eb8c8a8b8de3c8f1bd254b6b4e7473cb6406,4
1718030,7c80947d3dfe281be394b8dcd2236d6ccf301b9b2cce7499cee5a10fbc3c7aed,0
1718471,f80a9dcba7de0ea46080249ffc62723b6b93371ad430a1cf92e8ad87624e4c60,3
1719093,44dac912eafb122038fe118edfa8eb8c8a8b8de3c8f1bd254b6b4e7473cb6406,4
1719216,eb6d7d82a6fd276458fa245536fc52986d0eb124cbc990f37395b924b7645b1a,2
1720411,f656d0513b52b92852888dc0743e1014304149a3523c74e4fd9b8ec8b2095208,0
1722787,64825309461f70f0fec739d56edb3e96fa15eaf951f155a37fb6a62210508d1a,1
1723033,c6fe1a63b9b4e4860d98029ba50d5f640135fd57c7afb23a07a27289ba464316,3
1740318,fd5a4caec7e8e2a1cbf5f357ade1d996fba3d376dd2e5ca16a9e63c78aa59306,3
1746288,fd5a4caec7e8e2a1cbf5f357ade1d996fba3d376dd2e5ca16a9e63c78aa59306,3
1768273,8eaf8ad3857a6995fa29e357f7a8c16321068b89e8239f361f660ac6a43c37aa,0
1775090,c76f2b13ddfc00b0bfb0cc98d3a84283fb3d4cac81c357d6269be5f404c75804,2
1778128,4fd8596bf3788a90388746656b1375c40ede95be0b7601cc0fbf891286c55125,3
1789337,8e7b149c58511c2b91695e7010a1427e645da2d783be63bc2cf5b12d9066dbb1,2
1789882,4fd8596bf3788a90388746656b1375c40ede95be0b7601cc0fbf891286c55125,3
1797356,5890a5e08ab5075033fbaeb6179c1394cdbfad6a3c8a9807b9c06d1e89e3eb33,1
1804720,ca718eabad4392e09bd69aa9008ca685bb4dc852341c226a2cd375405d60e603,2
1805124,ee72f79f5eeed936cf6168917eebf5703967d750ea9ed4efdebe71d90b338182,1
1805410,eba28fd17e1a7dfc55c2cdd53d9b1d887c119c5b99ddbf1f726c4092e3ba1050,1
1806071,c3fe5e30d7236485bf03a90f22af77dc711eeb5954c413b7327781c0b0f83a64,0
1806181,8a001a49db5abc660041174e293178171d03e74b15248c2b98b9a055e1a40284,3
1806275,f53cc297a0486afb4b9015062984ba4ac59c3e7ec997ac555a9aa4ac26544898,3
1806290,ffdc8f371730bd2b4434082429749acab348d41f9544ee9619a505c53c941362,1
1806500,aa9f18e01b3b6c441d953847b2dccc44a5196b57693011805f263d0c407accb0,4
1806624,6979ba2e344ebc6b62a0939175406500555e2a0bac60b82089faea16fec3e080,4
1809826,36020c7916c2b2d50efcbfa6573be52fa994cebfa80fa28c0370734f6dec21da,2
1878215,bae7d21c82cb89301fbb3c59859dac386deb734cb9c37bc868ee85c618d9b0fa,0
1879779,7985ba40728acafdaec94650fe0a2656a09968dc5e7b288e6ec37d84f38f2044,1
1895793,14d199a03baa5a7b45de4019f285b9ee15d1fed332c7ae79ff1d2cca7085403e,4
1896623,b6df5085bd677048ad4272b01098b9359329d17e6ef95d31de7e171022d202f1,4
1897272,26144d54d9619fa86962dd08f8ce978e2b293eaab9b07e008daad88a13969926,3
1897480,8d05018cf1e3a37505e6905b05c65eed279346068e6a2ec2eee1b671a7610155,1
1897669,b88f97bc03ee41c03b2de8a131a0a6571adc534f7852494c969eac20812681e9,1
1899589,4bf5c17f003282ff9b2ed4766a783f65919fb2c5719c7e30fc6dd24682ab95e9,0
1899972,b800d7577b6eadecae0ec13408f6a04209a590e785ed31ada82c937eace05c0e,2
1900445,1e34669ded88ae2e91b748a63386d31ce359bdaf903713eaa614005962f494f5,3
1900448,b117f2a7a6a9cb9cfcbd0ea204e43517abe2b57973e235826b7b0e3034fba2cf,3
1901127,c6750b613407d67c845d796a86c12f47603aedba65299f05b42f8c6ba36ae55a,2
1901613,8d05018cf1e3a37505e6905b05c65eed279346068e6a2ec2eee1b671a7610155,1
1901672,0293dccfbde7731f360043ce864e207930c60c064622c523ae8a451b9e305101,4
1902247,a5a6ae6e3812c70840e4937c6487b0fbd32552474f1431648d324d47b60da7db,4
1902652,ec78455c8feadb1733645ab06f0b0aea84439fe988a1f865eee4c3ad9c86c86b,0
1902704,e3853b5796e166bff6ed0e64ff44dfe6b4a803cbe64a8f97e5efb516044fd8ba,4
1903296,5b4c4d13b1178f2a757d652c3f9c0c3140e6a07d00d11fad15d02f5254815881,2
1903975,e3853b5796e166bff6ed0e64ff44dfe6b4a803cbe64a8f97e5efb516044fd8ba,4
1904509,c5016b41462e4573f8e22c18c86ba43795aaa77ae679f7bd0addead25dd4c09b,1
1904887,c3fe5e30d7236485bf03a90f22af77dc711eeb5954c413b7327781c0b0f83a64,0
1905794,1e34669ded88ae2e91b748a63386d31ce359bdaf903713eaa614005962f494f5,3
1906455,473ad82fd1e52e7f494e2ad68c3e1d8dea9cada000d116ba3dd3285fe441393a,4
1906776,ec671a1ca62f34e69596594b4416920000656d5f45c3f05a61f80eae50829950,1
1907297,462987dc4842c9fdba27dd2d1930c6eb60cebaac9d3e22a55d096248c8a07da8,4
1908136,cc3b37f0f63d5b6f602371f75a66e0a25d32b743377bcab1b1382cd740b498f8,4
1908216,cda69805551b651bb26cdc5260226e2f24cb2f5adc97788fef835cebe12f1ef5,2
1908464,bc34773c0adef145e45133b0e8143ba0b91ec0e32ec348e07bc8efd19a9596fa,4
1908973,f0763a5ca8fb0185fd6936083b97ff685877b79ba048ab6a6297747141329ed5,3
1909126,f656d0513b52b92852888dc0743e1014304149a3523c74e4fd9b8ec8b2095208,0
1909904,7287bfe6eaeb0e57c031d0e48f14b721e89fb0e1df2314ac87ef0ec777f803d8,3
1910224,c715699489c85767822e8523b7649c012de8a3b3028e19984dde230baee8a16a,3
1910486,b7501fefe971bb7ec1ea7ce824166db274f98bb995f136954b0fb25abc2b5aac,4
1910714,4c86bc4a1267fe572735c2a3110dae9315589cd4afe04e3fbc6a68dd3bb6d55e,3
1910744,88a04f2f5935288d6c1fae57305e389858522846107b6c038f927e4ece71e943,0
1910799,ce18b8f73d0dc80c32ed503f16b94bda3ca181c15294018a263a97d3e9a88025,3
1911548,a305b113f157540ab2f3f2f938192b31dafee9ebe1570bc29dd5ee982caf51cf,4
1912446,161c66370773195521f6aaaca9f9983b96e5c26849fcbd9a98f707e4e3d8016d,3
1912737,62036331eb33936a35a9bd7aa59422dfe9956aac18dec02b11fd73fe25477a83,4
1913379,59f66c31b016abca33661316f3b21035da63228f2682f64e965f9ff007aa56c8,1
1913570,cd92833be76199e825d0ce8170339326a5cd9940cfe33494de9b6ac18116ca87,2
1914440,90745c08c5fa6ea8df5cb520630eb9bc9e18e6eab7a609b9b12f66df9c437115,1
1914495,f9ce5a0733085ef6b73840444ef5d7b49173d78575fdf5c06be771c07f954b68,0
1915146,5b4c4d13b1178f2a757d652c3f9c0c3140e6a07d00d11fad15d02f5254815881,2
1915207,7b30044692fe3914571b2a0c2c8a7fadc3efd901b8614709691433cc9d06803e,0
1916036,260d75337dd0e97e74346eafdada930864c13e2918838ac6daf859a35d862885,2
1917255,e67a073fa2996ba6c44b91c919c46e9cde3cea95a7677a190005ec0c5a90af18,4
1917269,8d05018cf1e3a37505e6905b05c65eed279346068e6a2ec2eee1b671a7610155,1
1917357,0a78d448b0cd1a4270698b5ebc3fb6b8382d6c07bc8f079ccea24fcde20c3f4c,1
1917968,0e827a8a7a12a7c5afd02a31d127eb7497f98aa9415ebf0c2e7b8dde12b784c7,0
1919284,7985ba40728acafdaec94650fe0a2656a09968dc5e7b288e6ec37d84f38f2044,1
1920086,63bcb25a4860c2d46f5926cd193046194c9ee3f3ed0233fdea012f780cdbea13,2
1921118,4c033829388039c577df849c5f60cf88bc8679d242ebbc748cecbf8064b86abd,1
1921283,8d05018cf1e3a37505e6905b05c65eed279346068e6a2ec2eee1b671a7610155,1
1921663,9bf70b69a57be0b0b403dcc2c8c723069e95c9eba0320666b773bbbe18b5028c,3
1922474,c6fa6b1892905a0a51d350d87ce7c79e814a7eb9a210028ba7f428b4fbf795bd,2
1922718,dcfe75556b31d8fa2d3e160eda37c93a8da214890b26da43a4d272072cb34d0f,2
1923458,4bf5c17f003282ff9b2ed4766a783f65919fb2c5719c7e30fc6dd24682ab95e9,0
1923485,0c86eb2ffe20c6667d02db692d3d83de5ae6902828021fd5366dcfe87f3c4161,4
1923499,01a82709f82e5d93311b62bd9cc27d73dbe503796fcaeddb3875af744a217f64,4
1925561,1038c9a8ae5f099d57b5b7bf3b82efda1bfa3be8e49a3cd6729402aac19afc90,4
1925804,26144d54d9619fa86962dd08f8ce978e2b293eaab9b07e008daad88a13969926,3
1925971,7c80947d3dfe281be394b8dcd2236d6ccf301b9b2cce7499cee5a10fbc3c7aed,0
1926329,8d05018cf1e3a37505e6905b05c65eed279346068e6a2ec2eee1b671a7610155,1
1926525,c089a159273d9c4bfb1b813e809f14b2663464947ed86f29166d4aa021509a88,2
1927535,cf880572f529ceb84fb79fb7f4ea8050f0f44f29354eb1d444ecba6572f8359a,0
1927647,710ffb420195c224c7bd59817179a2e30521954af8e74df8376f89e77915c7ac,3
1927657,c3807d3e800fe2ec9070725f2b0df384ff01e021400c93b6700922b1e7d5f4c4,2
1928009,4a3a9b9a55a6eaa19e1d7267cb46e1a3bccda67ed55bc3561517b05194c149f6,4
1928235,b99a939a9a98b03e70bd4686406201f9132e891006465f98160ca4bce7e44284,3
1928681,cc7e8ae0450f732930a36b5bdd731598bfc44da3d2fb1565d1f55382a2b1ba3b,1
1929886,69ecc951500d6e8c09a7e84447b5401d77a55e84f84a7c25c55ba63b2a5e67f9,0
1930038,eecca16797af500352275d8c3b68a69ff287a0e30dd8b1237f693fa139629fe7,2
1930545,05cf37c342914ce120a87094d47c7b416b4e841356529213f0aed9bcc3109adc,3
1932138,9662ff83fcd57cd49a3fcb0d1ac501b597ea30086cc8b15dc46d61ca5f874bf2,4
1933862,0149f3d41240d4efdf7a5a01fbe7fd2ce5bff59cb03757f921c510eb27cb0831,0
1933990,9602491c95dfb21feff4c291a5a5c5603ecb6e9bbec3eda13938c3213c2c1f17,2
1934179,4342da67c1fea113d747242df7008683b36f42c9ba4f2b18e4b04beb29df8b71,2
1935539,3cda7d4fe8db6fc8869ea70703e6b0433feb4acf1660b62b507067d9a02a7438,2
1935969,76bf5ae21148180ef42e4124bab236ebc9d4e45af2745f23eae83c271898ac51,4
1936392,3498e73f4c08a59891b2edd3758dc49e10dc77ebdbf5b209af808f2ec38dc83d,0
1936670,4e6685273255adb66ce8a775fe3d9afda6bed808d15301fc15ffd9344cc622e1,2
1939145,06bf65c963d93e594bc08e0c6b82fe8ee7b5e1f16e326e7b340c5850d787826e,0
1939521,45efb4551419f281b8f9dd82704b786b2fd6dd1de74d70ae63d70a30a03e91ae,4
1940277,3fcda356148ded9d9f16abf7e73dd4303807c1a3992b7a7e78142afcd929c236,3
1940346,ad6c93cfd8b7686ae521f8d92c1eb1627842f5a4d013482047797a09ca979eac,3
1940481,05cf37c342914ce120a87094d47c7b416b4e841356529213f0aed9bcc3109adc,3
1940577,1d17b9df88f33ff16b3a2ee62b7a44ea6d4fc164d803a3382532258a57a3452b,0
1943467,5b4c4d13b1178f2a757d652c3f9c0c3140e6a07d00d11fad15d02f5254815881,2
1943761,9ddd37faa3f947ceeb457a6dca33ac826aa0435530026c492272de9a526d6938,1
1944507,5cc71bd650521933b8bfed9baba6f9ab96afb970509ab47cb698f2ca3fe8483a,1
1944652,6d6c1ff8fa175a29c4dc2bf21ac39445f329b78cd21b3d5cb57e95a3be6119e4,4
1945611,9662ff83fcd57cd49a3fcb0d1ac501b597ea30086cc8b15dc46d61ca5f874bf2,4
1946406,84ddfebc65c3047280ff5d8792f5a02f249101efe4376c40c4fb9daa48be71fd,4
1946821,473ad82fd1e52e7f494e2ad68c3e1d8dea9cada000d116ba3dd3285fe441393a,4
1947253,46982878ce68eccc5214dbb3c3176d76324f56375b4f7700f125de71a2c766c7,1
1948005,4c2458c79aa032e16bf5f7f34088bdbd3d1b8aaa63914e83d1728dd7bc8c5ac4,3
1948346,8d519a14c074d08ffd2d05ada80c1d84ea0d1551c9c16d1735d0b6c923593a3a,0
1948448,05cf37c342914ce120a87094d47c7b416b4e841356529213f0aed9bcc3109adc,3
1950993,7b30044692fe3914571b2a0c2c8a7fadc3efd901b8614709691433cc9d06803e,0
1951838,6ad22ad2ce1880ce4748b1478b7865005505afa53f0418c3b13d0e6f37d170f2,0
1953013,6232e5fcc12d84191c43c79b9304b25a8aa42789aecf4e9cdc0fb379e95aadba,1
1953098,b8275e4b9eaf9fe8bf2dab7a049c5ab4cf90e0495f135409837e2ab789c247db,0
1953501,5e82ebd126e11a263f9d21c9beaeeae763a6b4ce431cfc35fa60a1865ded0381,0
1954560,c882a15e1752ffd9f7e1af31ef0158e208960a0f8c99722322b13523605824db,4
1955061,69ecc951500d6e8c09a7e84447b5401d77a55e84f84a7c25c55ba63b2a5e67f9,0
1957761,8478873613cf6e0fc2e759e161bc7f44ce70e68d23df0caaa589ddb97d33d7f5,4
1958560,d8a01585843290dc584512d791897ceab0064d99442acf1818de3a6b10fc6333,1
1959065,ee45e4c2c25272c6ced0bd7d1d68ea9c4bc462cb648b19bb7367d76737223c2c,2
1959923,8478873613cf6e0fc2e759e161bc7f44ce70e68d23df0caaa589ddb97d33d7f5,4
1960018,5cc71bd650521933b8bfed9baba6f9ab96afb970509ab47cb698f2ca3fe8483a,1
1960634,15ff9c426183800ae857adc866d424d8168f22daafe1cca23e5270ba8cb9e8a5,0
1961768,4bf5c17f003282ff9b2ed4766a783f65919fb2c5719c7e30fc6dd24682ab95e9,0
1962559,0c86eb2ffe20c6667d02db692d3d83de5ae6902828021fd5366dcfe87f3c4161,4
1964127,a859edce12dc1f42751f871ed3f46a195e525f9dd7ac05c2aa3f386646cee390,2
1965530,a205652894a21c5499211d5667160ae236553dc8e0cdfd71420e7ea9176f0b85,3
1965741,bb2f3a50c2b86b8254480491ee25d4c1c67c9b59ab8d158fb3e0887870f64d8b,4
1966220,06bf65c963d93e594bc08e0c6b82fe8ee7b5e1f16e326e7b340c5850d787826e,0
1967620,a0168958bcb15b3510420dfd1e2608a87f9f14e5b19c0aeae3370b2e37ae876b,2
1968186,4d86747376b5493ced2c23d1d700c52fa750b64c99b85cdc4a2cb24795cbe117,1
1970334,8d05018cf1e3a37505e6905b05c65eed279346068e6a2ec2eee1b671a7610155,1
1970696,5e82ebd126e11a263f9d21c9beaeeae763a6b4ce431cfc35fa60a1865ded0381,0
1970819,3746c77bafef1ba5eebf5e297fa70c8eb0ac561b044fe35c423a3f3210891c37,3
1970839,48bfbc47fa45f1a85421d80afbac405013c064a2a68c5005720e06759e830aad,0
1971001,50ec669e149ab88403ec71c4ef5fd269d8c8ad71c65ef206361d9dccb1d62bb8,2
1971305,4328ff8c1238de512093e4a1f73e2859c3fbadfb9f8a4ede079c7c5567baf960,0
1971799,50ec669e149ab88403ec71c4ef5fd269d8c8ad71c65ef206361d9dccb1d62bb8,2
1972006,c457e4bb258830b29aca11e330e48c83f9b34e68008752075beb98fe2ef0ae13,2
1972043,50ec669e149ab88403ec71c4ef5fd269d8c8ad71c65ef206361d9dccb1d62bb8,2
1972147,6253721d64d41816cc3e61fdd19ef826b3e1e53478c7a650b424b214548f97a8,1
1972188,50ec669e149ab88403ec71c4ef5fd269d8c8ad71c65ef206361d9dccb1d62bb8,2
1973847,1c21d114a2216ea8dcfda3c5a055bd19d7dd16c8682b6cd5c7b2bab0d3258dc0,4
1973866,c06764f89df0ec061d1f33eb77bf634832d3fd5c774c264e7a019af3ac1b9e87,4
1974498,e9e6221adf31c533f9aeb7acbcbe0d8a17bcb6b91b250bba3d7793252fa95463,3
1974756,c06764f89df0ec061d1f33eb77bf634832d3fd5c774c264e7a019af3ac1b9e87,4
1974976,56c1fb46edde606cbd04486d6242625e4c26a4a29d89795ff84baef986e2bd02,3
1975870,1b144921be2dc6ca7aa1b05c979ac9cdce4f4c6bfa8b85a497aef0d24e702d90,3
1976207,780b4cb3e389f3558ea031f5bed628ad12599dce068ee13531b099195c26ed24,2
1977404,7ce5045ef9451a83267f021d44082b3e489296dcfeb46db47bea77735d4369b9,2
1977585,50ec669e149ab88403ec71c4ef5fd269d8c8ad71c65ef206361d9dccb1d62bb8,2
1977632,26144d54d9619fa86962dd08f8ce978e2b293eaab9b07e008daad88a13969926,3
1977714,d18e757efbf212cb413645f679a47851c058644f40a66caf503e8eb19674f3d5,1
1978258,4f506c3a73003c42f01f8a8a9fe84de894d8a1fa5b382a17af28b43c210262d3,4
1978306,99fc4169a5150b180187aa30bf88599d72062e0e54c0ceb4882b9ab75b6db66f,2
1979963,1e34669ded88ae2e91b748a63386d31ce359bdaf903713eaa614005962f494f5,3
1980342,494c6e670d01dc6f862b6c9948ec682fdd54978768bd9d84cb1905d0dcec5c66,0
1982013,50bd6bf3f8783e95c03cb83eb8981d7065b4ca4901efc737793a78c5e039233f,2
1982785,45efb4551419f281b8f9dd82704b786b2fd6dd1de74d70ae63d70a30a03e91ae,4
1983018,8478873613cf6e0fc2e759e161bc7f44ce70e68d23df0caaa589ddb97d33d7f5,4
1983273,4e52f1ccd8d3377d090d82ef5582ca440c8fee85d64bee9f0a6991bcfcd6a809,2
1983897,cc7e8ae0450f732930a36b5bdd731598bfc44da3d2fb1565d1f55382a2b1ba3b,1
1983912,5bc0ad3e7b4bcee69f80c5ba7fcc5bbaebf429f6633049ae02ff13741cf9eb1e,0
1984521,f6ce8e44a408695af533500f1d300dc3bc61752696d788b1679f2f32f4e391e5,0
1985406,4eedc4dd2bef6dcd11ca7aae7c5d4906ba594060065cbf168b4c3ac5fde7f34f,0
1987259,254a26cd5130cca6d2b21fc2f9d94ddcdda80fe494ada37b2af3869b6c146e21,1
1987370,5cc71bd650521933b8bfed9baba6f9ab96afb970509ab47cb698f2ca3fe8483a,1
1988271,8d05018cf1e3a37505e6905b05c65eed279346068e6a2ec2eee1b671a7610155,1
1990495,f80a9dcba7de0ea46080249ffc62723b6b93371ad430a1cf92e8ad87624e4c60,3
1991087,321fadf24a9e46d754275ac7aa1e7bce9c4bf438ce01e636997f9332900eca11,3
1991205,db01a065c36fb6233ec2216ad3c657b9eb87f94043262f67f056f561004ad2b4,0
1991295,cf880572f529ceb84fb79fb7f4ea8050f0f44f29354eb1d444ecba6572f8359a,0
1991742,286dea696da6790b0d0fa742581651805e5a70052140ccd236c2e3474b5d3829,1
1992107,8d739e82fe045a4198e1cff1ecc935ace9a638a57151e79b37e0abc617f85282,4
1992889,f9ccd3285d81cdb3f20962456ecadaaaa6063d51ecff1d0018351d3dc8a80aff,3
1993367,28ea10cc6f6017acb112a6246878e05e5b8bb61d2a23dc978a636396d4a95e7b,1
1993961,d05493e2a9e1f39c6f3e2c53e919f04091f2c160f5699d7949869f3b501d4474,4
1994446,26144d54d9619fa86962dd08f8ce978e2b293eaab9b07e008daad88a13969926,3
1994939,f0d656b3e87dffae49c8a9ed05abde099df9221c8f52a4d266a3722b5eafa883,1
1996920,9ddd37faa3f947ceeb457a6dca33ac826aa0435530026c492272de9a526d6938,1
1997254,3ce96a243ebbd8a05e61fa087cb25e1f88a93f58bc76b4f81d24afa6b68f9ae1,4
1997562,d888abb1ec2b353fcf3e67d18c8331a2d0c762f3027b7e9a3be330a0f7cc1c4a,2
1998939,ba5fa41d88cec1030ac4943c0091fbddacbf621c17a0a41f5b552d2eac79405f,0
2002672,34e124ee84093201cacea25801d775578f29269980b1baa6173c08b99ea28c2c,4
2003959,eb09422ab73c4c841d7e5340d95e47aaa383eff8b96ee08bbe5b9943a1f274c5,1
2004610,b977fe258e52daa1253e26206f2518531bf7ed66a21d310147a6192e046ba398,4
2007343,fcd2ab23bbfac0902bba74ee8eaefcbb9185debb727229cf774bfd7c44a0bcc0,4
2008415,06bf65c963d93e594bc08e0c6b82fe8ee7b5e1f16e326e7b340c5850d787826e,0
2010398,cc7e8ae0450f732930a36b5bdd731598bfc44da3d2fb1565d1f55382a2b1ba3b,1
2013560,a6bf4a542cff60b9fef9d67834922032f78ccaba92474bb80eaa6ed5a6c78ae6,4
2015221,06bf65c963d93e594bc08e0c6b82fe8ee7b5e1f16e326e7b340c5850d787826e,0
2015550,cf880572f529ceb84fb79fb7f4ea8050f0f44f29354eb1d444ecba6572f8359a,0
2017623,e983115dc19babe1c99f9636307e37be4ae37888cd68988a92152d8a96d4e1e0,1
2018124,e9c37968c9def264dac99d0d162378ce7ff7fa0e9cb4f8d9a4f61f83aaa80ba6,2
2019647,9f604ba7f5da7daa4a751bffc0491f2e388fe42113de825bcd3fdbb2fde71141,2
2020360,76cebef133ef4432e656899ee466e0b05f2f6ee431f6a625b4cfd734cf8aec3c,2
2020766,394430d441e68bdea464f8e00a2225ff2224012edb991b4e857d7efd9557cdf3,4
2020840,feba12e07be796543e3b0a6d747b9006c3d6fa0aa94c1c9ed46f23ce71fa66ca,1
2021286,91a087afb8e22d576dd01c81cf4506b1ac2e287b29683d6d166aef7bf68578d7,4
2022114,d15d747a33e08151ed8c626a354d63ac4c598ba1e5c3526e74f7d0211f6ca7d2,1
2022603,e3853b5796e166bff6ed0e64ff44dfe6b4a803cbe64a8f97e5efb516044fd8ba,4
2023311,98176654e343c41a3fa5737193054f0cdd5fe03e96faa10362c748dfd33cdb19,0
2023443,b7501fefe971bb7ec1ea7ce824166db274f98bb995f136954b0fb25abc2b5aac,4
2024104,d6c9b9cc3c79e96af5435bb24255cdfd294e5ef8375c68eab129d522bdf3ffe1,0
2024601,9c94e297264d2caf5ee044c505ccb4d3b8b8e0d9a899e3cb19aece6538d59223,0
2024847,1d17b9df88f33ff16b3a2ee62b7a44ea6d4fc164d803a3382532258a57a3452b,0
2027635,28ea10cc6f6017acb112a6246878e05e5b8bb61d2a23dc978a636396d4a95e7b,1
2028859,ee45e4c2c25272c6ced0bd7d1d68ea9c4bc462cb648b19bb7367d76737223c2c,2
2029255,db0bf0c6bfd0a12aed4550bddc07b0d96eac8ea25892a2df53439e57dc583505,1
2029336,1b144921be2dc6ca7aa1b05c979ac9cdce4f4c6bfa8b85a497aef0d24e702d90,3
2030965,e48ffd0b5aa6620f79890a21a36f7949bb55f15208ffe9d120df27609c034993,2
2031464,67f3ad07133767ecb4c79b47ff71d612e6880923a9e096312aab898ff9eca152,1
2031963,50ec669e149ab88403ec71c4ef5fd269d8c8ad71c65ef206361d9dccb1d62bb8,2
2032971,c6750b613407d67c845d796a86c12f47603aedba65299f05b42f8c6ba36ae55a,2
2033009,4892d9943cfc7ea489fdff9ea173ca344dcc8dedaef0f4d8260361dc3daf589c,2
2034472,bf682231643a97b22151c8515db107a3c94af6a762ed658f5d35349cec08d4e9,2
2034724,50ec669e149ab88403ec71c4ef5fd269d8c8ad71c65ef206361d9dccb1d62bb8,2
2034753,64e70227660fea274a85870ad8106a80618886197bc210e85fed73a292f59afb,1
2035436,eb09422ab73c4c841d7e5340d95e47aaa383eff8b96ee08bbe5b9943a1f274c5,1
2036593,9d9cbfdbec913589a527c89b828a021cff0d3b0542445bb6e64aeae6c6a4fb0f,4
2037049,d61ec220d09606d372769ff525a93ca141174e48de556f76dc7c71fb3160bdb4,4
2037498,a74cf71ce0b35418b2ec30c07af03d06dc1029819e4ea855d22e8ae57ed33622,3
2037794,e01d2e058df54c3a40931e44e0d75d1d09f88d343364aed6ca5b3a6004d2e2b4,0
2037889,b61330780101a3e534e4ccecf1d695e4dc2135c9693740b7efe6b787c721ee2b,3
2039500,1b144921be2dc6ca7aa1b05c979ac9cdce4f4c6bfa8b85a497aef0d24e702d90,3
2039803,3cda7d4fe8db6fc8869ea70703e6b0433feb4acf1660b62b507067d9a02a7438,2
2041804,239e35012c9f105dbeb791b817c1843fc996c4fecf36b97c0c0b6cda5c34d99c,1
2041852,50ec669e149ab88403ec71c4ef5fd269d8c8ad71c65ef206361d9dccb1d62bb8,2
2041965,9c6d70211eebad466d288d8152f31c6a3f9336843b8eea4318eca7b8ebf54a8f,3
2043673,e99e8b429123d31069974850ebc54fb0b8cdc33043c78293bd45ddf70cc7d7b9,1
2044052,26144d54d9619fa86962dd08f8ce978e2b293eaab9b07e008daad88a13969926,3
2045104,a6bf4a542cff60b9fef9d67834922032f78ccaba92474bb80eaa6ed5a6c78ae6,4
2045841,592494d2b1b44f0ddd39e2e17dab770fedda4e71484d61bd72a1a59acc6b6c3a,3
2046453,8478873613cf6e0fc2e759e161bc7f44ce70e68d23df0caaa589ddb97d33d7f5,4
2047237,6303aeafae0e4835316db6fe34d3d5f37c9b80db1c77908402b142ea91f02986,0
2047990,db5b2c959afb7728853886764ed7778883486a6e99159dc13338b5c45674d533,2
2048052,d82965c04b8573875ec266a225c0f830c965143cbd9c9b9135b1a0e6614898e8,4
2048078,34175a31520616e87ec774285d9e8da30215bec771c3428b7eb9296ef9540b0f,4
2048270,83ffe45140122651c40e1b2349a8457c011d9a9276f8ca47078585a799948f37,4
2049055,f9ccd3285d81cdb3f20962456ecadaaaa6063d51ecff1d0018351d3dc8a80aff,3
2049871,48bfbc47fa45f1a85421d80afbac405013c064a2a68c5005720e06759e830aad,0
2050441,4de4c0643275532005e3cf10c0df69aeac680facc21a2c633faa426a597ba66d,2
2051778,6bdf7c4847ff36e445eb7e5b754d11dabff19d10a1403c9b5604c41d3369e247,0
2052081,9920629c0b807ee771df3c370f8849e3d4674032c1d31e06faebbd3ccb904aa3,2
2052114,bfc7291e47a31856f92961ac5524ed8c38eb4c99d2a0567f14314ad518d38165,4
2052233,a46c09a3c9531925631fb325642b087eede91bf51d2e44be86915843f8cf25c3,2
2052525,065e771c9b072778b05ca3ac7e2c763f19ea9db7037f1fd46ba0aef1bee1c9e6,3
2053062,ec046e65189b82d6f9b84cf9e6723eee87f8b28c37d3486767386f71a8e1556e,0
2054062,0d8d6033ef9c2272edb96c2bbb21dbbbc9968f4d01b835a8b01dd982181e5e73,1
2054643,8f476966912d051dae8d39e70c316c0d44da62eb856fa514a0aa521d11a359b3,3
2054672,15ff9c426183800ae857adc866d424d8168f22daafe1cca23e5270ba8cb9e8a5,0
2055041,d195f7407231df7fadc0198acaaacc3cfd2a3b391103aacc59b947b707c352da,3
2055142,3ce96a243ebbd8a05e61fa087cb25e1f88a93f58bc76b4f81d24afa6b68f9ae1,4
2055421,5cc71bd650521933b8bfed9baba6f9ab96afb970509ab47cb698f2ca3fe8483a,1
2055493,0d8d6033ef9c2272edb96c2bbb21dbbbc9968f4d01b835a8b01dd982181e5e73,1
2055756,8d05018cf1e3a37505e6905b05c65eed279346068e6a2ec2eee1b671a7610155,1
2056320,1b08944dbbc27fc316c2d9743a9709917bf9e969e31059087f007c3d048e7a4b,2
2056464,8ec96ae8ac6ded9d6fb8a4f9608690d28eae8e7bba0ff82a2340e6e46b7e5087,3
2057776,4c2458c79aa032e16bf5f7f34088bdbd3d1b8aaa63914e83d1728dd7bc8c5ac4,3
2058035,5bc0ad3e7b4bcee69f80c5ba7fcc5bbaebf429f6633049ae02ff13741cf9eb1e,0
2058503,cee0ab46783f17c6139c58ccc6130702b4a9baa4f2b86c9577b88f09f5a53a37,0
2058943,88c476421bce35e4d4d9a41c8c5c15019906ed3666feffd839224fee9bb7df5f,1
2059040,008bc24b3365063b8c0b5e84b987ee6147543239102c780b4969683ffe74ca91,4
2059210,e9e6221adf31c533f9aeb7acbcbe0d8a17bcb6b91b250bba3d7793252fa95463,3
2059448,9602491c95dfb21feff4c291a5a5c5603ecb6e9bbec3eda13938c3213c2c1f17,2
2059894,c715699489c85767822e8523b7649c012de8a3b3028e19984dde230baee8a16a,3
2059931,4bc93ac7efe2375103ff95393416bbb49e548b80a0537a438e048b24eb82d560,4
2060115,a010f1d8c9ab7da4a2baa5309d989036255bc114a08dc91ddd8b9fb358af4929,3
2060871,80d2208a4e7f11d134cb221b97570e9bf2cada36c8b074c10b3561f626b98ba6,3
2061004,ee0cf2295eb0c91da6187d8836a13bc8b8d04c9aeb7d6456b61cf79a0fc02dcc,4
2062181,4547463f108392cf54b39c87dff2a0f02a0a390bdc973e06221665171eb6d189,3
2062540,f625419378d7b5824bc5bb563f0a50e4e304dee4a336ca23e94c2d2c76f6f29f,0
2062828,cf880572f529ceb84fb79fb7f4ea8050f0f44f29354eb1d444ecba6572f8359a,0
2063908,9677c662df15379be632a9ab7c6675c50593bb68a11007ea420dc5335a88aeb7,1
2064501,7eb7ec3ee042ecd37b96c647704a6e2dfb4d4236d32ed358ea73938d1c1a6dd1,2
2064958,b731a6472f90125fc315e7f455c4d69c3731c06457eef8cdfdba0691a8943bd7,2
2065202,8d05018cf1e3a37505e6905b05c65eed279346068e6a2ec2eee1b671a7610155,1
2066384,92506b117b3143141a7d67b64199c98c5d51bcdcf4e0e54c72947248010c0c4f,1
2068277,26144d54d9619fa86962dd08f8ce978e2b293eaab9b07e008daad88a13969926,3
2068436,e225b3ef9d6d7253b80f2700ba0de24a3bf0241527bbda75027cd4e05e485bf0,1
2068820,8d05018cf1e3a37505e6905b05c65eed279346068e6a2ec2eee1b671a7610155,1
2068832,f1d53c56624fdb6cb75540590c7ad2b65a447f9c3c121d426de430594911dbf2,2
2069159,d9a96dd8950e10244db56c7b4c60302b406e397af461092930c38e39348d1647,1
2069993,8b1d5583838eed23512f78db573e09e0ee15d5d5f213439edeb3b021242f83b2,0
2070302,901919e557357635b2d54c8f5dcd614782c2c7a465f3d06cc5a90bbc4b52dcfd,2
2070616,8d519a14c074d08ffd2d05ada80c1d84ea0d1551c9c16d1735d0b6c923593a3a,0
2070709,c089a159273d9c4bfb1b813e809f14b2663464947ed86f29166d4aa021509a88,2
2070788,dc4a131c3ca547f4189c3d97e66d4f589132c666316b57394e82358d2fe52c35,2
2070968,a6bf4a542cff60b9fef9d67834922032f78ccaba92474bb80eaa6ed5a6c78ae6,4
2071322,d18e757efbf212cb413645f679a47851c058644f40a66caf503e8eb19674f3d5,1
2071473,4547463f108392cf54b39c87dff2a0f02a0a390bdc973e06221665171eb6d189,3
2074285,8f3861789a621e7d4a46e8c803b5306522decd2628c22b4a19721f319ccdea63,3
2074442,780b4b997bdfe670ae501f57255512669e1f37891a2cf7f0016fe5334121d781,2
2075981,7f3a55ac1fa4730dc2637868ac6681007b444325494140d20be4c3da91a8faaa,4
2076088,1b144921be2dc6ca7aa1b05c979ac9cdce4f4c6bfa8b85a497aef0d24e702d90,3
2076101,91a0604aff8cdc56f31202d85b86a11bd73ccf0be32173f3cc00bd2a13ab22c6,2
2076820,df5f1c0399e920456f45732d14d92677ab0697a34d4ab614e15f3e705e430f40,3
2076876,c7698580533a220dffb6a82f47a3594b99b63128559074df525f3d812484e297,4
2077160,4de4c0643275532005e3cf10c0df69aeac680facc21a2c633faa426a597ba66d,2
2077519,abd305c041a982d6795846bee42f5238e02351ed3e7f9ff5151d1f470cd4f081,3
2078965,0c86eb2ffe20c6667d02db692d3d83de5ae6902828021fd5366dcfe87f3c4161,4
2079746,64e70227660fea274a85870ad8106a80618886197bc210e85fed73a292f59afb,1
2080059,34175a31520616e87ec774285d9e8da30215bec771c3428b7eb9296ef9540b0f,4
2080661,06bf65c963d93e594bc08e0c6b82fe8ee7b5e1f16e326e7b340c5850d787826e,0
2080897,610afb0e21d611d7ea94f1b43ee0e3c2fffde0ca78f4f20c14a3080d38903d60,1
2081224,f167717fb2ed36e774225dd5b609cd208e028ba12cfc08946de444227e4e80d2,3
2082192,50ec669e149ab88403ec71c4ef5fd269d8c8ad71c65ef206361d9dccb1d62bb8,2
2083393,44dac912eafb122038fe118edfa8eb8c8a8b8de3c8f1bd254b6b4e7473cb6406,4
2083777,4c6501cc2ffd5fc36ffdef96ae7ff0b06edd76fc895ba57733ffa28c3d0345be,1
2084134,2b5f87f3708ae9f3253ba02b2a2f1c4ecdba42c02910dcf1e4a25696a6f80e6e,2
2084867,ec1daac1072790f023adf9f00162570b5ba448171e57456bb01a4ed4c5942ac4,0
2085378,64e70227660fea274a85870ad8106a80618886197bc210e85fed73a292f59afb,1
2085942,0d8d6033ef9c2272edb96c2bbb21dbbbc9968f4d01b835a8b01dd982181e5e73,1
2086205,db0837a44789cec223338592205544952f23856117fc38d85ca4a1c9a589b53d,1
2086911,db0bf0c6bfd0a12aed4550bddc07b0d96eac8ea25892a2df53439e57dc583505,1
2087296,7387dc12d1fa86ae8f77d331a623b3c4f6860a66ca3bbd594ba8c42981aa2850,1
2088507,3ce96a243ebbd8a05e61fa087cb25e1f88a93f58bc76b4f81d24afa6b68f9ae1,4
2090346,a5ff31a786131881f751fe03b831f88fe35cc272bcf9e6dc440b60412a1c0525,0
2093305,a1eba58886d70f92c494db3eab1bf857da0efd8000f38eaa784ccb21e260506f,4
2093950,44dac912eafb122038fe118edfa8eb8c8a8b8de3c8f1bd254b6b4e7473cb6406,4
2094677,84cce6d6d6aaff0dddb28889ef62069b1761110fa3f0cce8cc972ecd352b7c27,0
2094759,1c21d114a2216ea8dcfda3c5a055bd19d7dd16c8682b6cd5c7b2bab0d3258dc0,4
2094922,6232e5fcc12d84191c43c79b9304b25a8aa42789aecf4e9cdc0fb379e95aadba,1
2096399,a31c7eaf033a5a0ea397306d7c8f047fc01265228a874287713f497d693ee00c,1
2097852,50a0273e15076a9969a3cc0123a61b34ebd0907091d887a288869f44652c278f,4
2098545,14d199a03baa5a7b45de4019f285b9ee15d1fed332c7ae79ff1d2cca7085403e,4
2098835,50ec669e149ab88403ec71c4ef5fd269d8c8ad71c65ef206361d9dccb1d62bb8,2
2099646,90fce73cb7c144cf09bf1f8c6719765172f384716c0574b2c5c1248e921fc8a1,2
2099761,1b144921be2dc6ca7aa1b05c979ac9cdce4f4c6bfa8b85a497aef0d24e702d90,3
2099887,3d7265327c9949c9d6330a6d69012044f0d54513412caf2c7743442fdd1eda23,4
2101377,7985ba40728acafdaec94650fe0a2656a09968dc5e7b288e6ec37d84f38f2044,1
2101775,3bc641e8ddbe934d5d6816e869c2a6c1d87543f1014bd44df40a0540de177a67,1
2103874,cf880572f529ceb84fb79fb7f4ea8050f0f44f29354eb1d444ecba6572f8359a,0
2104445,50ec669e149ab88403ec71c4ef5fd269d8c8ad71c65ef206361d9dccb1d62bb8,2
2105194,0c86eb2ffe20c6667d02db692d3d83de5ae6902828021fd5366dcfe87f3c4161,4
2105544,0c86eb2ffe20c6667d02db692d3d83de5ae6902828021fd5366dcfe87f3c4161,4
2107887,f2215d7e0fc885b4427e8293ad8052f882179305126516b6eb259ce557da10eb,0
2109236,db0bf0c6bfd0a12aed4550bddc07b0d96eac8ea25892a2df53439e57dc583505,1
2113880,b977fe258e52daa1253e26206f2518531bf7ed66a21d310147a6192e046ba398,4
2114849,4a33ed4d9851445cc31e7e47df51cf1b7f4abb08e8ee57a56d069741d6b3280a,1
2115096,740746cbf9ec73fabad3e13e8db7fd762171bdf28f3eec3b3eed17cc85ff1d05,0
2119999,0c86eb2ffe20c6667d02db692d3d83de5ae6902828021fd5366dcfe87f3c4161,4
2120199,0c22327c8f1eb5cc72eb37394a1df18dd6d40a0d159c0421a0daab035da0a143,1
2120595,0c86eb2ffe20c6667d02db692d3d83de5ae6902828021fd5366dcfe87f3c4161,4
2122619,847972d3270017ad1e075accd7db19db7046e715301dde3b63dbac55debc35fe,1
2123685,ce1f811314383c7c6c2f94e6ac12e96395ff7f144f7ff39d1f94cda965f47b38,3
2125741,c6fa6b1892905a0a51d350d87ce7c79e814a7eb9a210028ba7f428b4fbf795bd,2
2127003,5553c0ef1e0c8439008bacb2a93f26d64f39c9cb721361139b211cbf8d980c31,0
2128382,1e8fd952eab2338d5155121c3600224931ba2c0d71942dc5970c7f3c60b62a19,2
2131576,2dd6b3b3fb170e5775235123c5961a66967bf85112e40c04bbab5c417500738a,4
2132291,0b2f66c94be56d1740fe3442e470e0885eaa7b38c4eb9cbcc4c75ad1d3f9fb47,3
2132862,8f1c98e97d3daf9ee9364b91baa1876de7711dee5a7d6c17ae7cc1be634629cd,0
2136157,0e30b9464b075b65aebb93a3f75a7d5f9c597346d0552f9499b48f93281598cc,0
2137430,f1ddc6493506cc1598cf8c75c1fc7d8714a438167ace5e64e000199ddd533d86,3
2137670,4547463f108392cf54b39c87dff2a0f02a0a390bdc973e06221665171eb6d189,3
2137876,b42117428b277c30ac5526d948cee8d157ff688f530fff934833221c23703a55,4
2137940,1d0e1a93806b29171d5c2e69e10e1d08ce0b516de0dc896f6c9a1de2e2eda66f,1
2138063,1e8fd952eab2338d5155121c3600224931ba2c0d71942dc5970c7f3c60b62a19,2
2138308,b538b651d75ad35fa72961c25894a87ba711a75ef326cc23055c9714f9da0579,3
2138351,1d17b9df88f33ff16b3a2ee62b7a44ea6d4fc164d803a3382532258a57a3452b,0
2138780,080354065684b2f8b9c222e7f346f70344d68f554737e9343271da7a817c9ea4,4
2139561,a31c7eaf033a5a0ea397306d7c8f047fc01265228a874287713f497d693ee00c,1
2140130,01a82709f82e5d93311b62bd9cc27d73dbe503796fcaeddb3875af744a217f64,4
2140434,8f476966912d051dae8d39e70c316c0d44da62eb856fa514a0aa521d11a359b3,3
2140752,76cebef133ef4432e656899ee466e0b05f2f6ee431f6a625b4cfd734cf8aec3c,2
2140757,76cebef133ef4432e656899ee466e0b05f2f6ee431f6a625b4cfd734cf8aec3c,2
2140972,0c86eb2ffe20c6667d02db692d3d83de5ae6902828021fd5366dcfe87f3c4161,4
2142531,f656d0513b52b92852888dc0743e1014304149a3523c74e4fd9b8ec8b2095208,0
2144392,462987dc4842c9fdba27dd2d1930c6eb60cebaac9d3e22a55d096248c8a07da8,4
2144826,b5523974857390232b9f29670c9e6417d879597d50629ef34bc1667af7b7507a,3
2145559,1b144921be2dc6ca7aa1b05c979ac9cdce4f4c6bfa8b85a497aef0d24e702d90,3
2146919,f656d0513b52b92852888dc0743e1014304149a3523c74e4fd9b8ec8b2095208,0
2147112,5bafa51c7aca4208ccf1751434cc0c953ae7bbac333c46925191a25183a162d7,1
2148234,f531e5ea0dd31ac098dc4e1559f6ae37db79411a90173c36471d82160ca7f025,4
2148293,05db573d614e577e9a96c90c39aa57f6446a625336142ad33dc7686434538237,1
2148511,7b30044692fe3914571b2a0c2c8a7fadc3efd901b8614709691433cc9d06803e,0
2148596,76cebef133ef4432e656899ee466e0b05f2f6ee431f6a625b4cfd734cf8aec3c,2
2148824,8d05018cf1e3a37505e6905b05c65eed279346068e6a2ec2eee1b671a7610155,1
2150417,f656d0513b52b92852888dc0743e1014304149a3523c74e4fd9b8ec8b2095208,0
2150422,b61330780101a3e534e4ccecf1d695e4dc2135c9693740b7efe6b787c721ee2b,3
2150757,e235894692b885aee30fa91e932042e540bc094e808657ec451b887687046476,2
2150763,03780768a3dc0cea346e864125321507a375f7ae5744c4e09d44911f62a8bd8e,3
2151324,f88e482e6ad61a4f80c7c4d1ea5e41447aa7d83d73f10061a282773fa50a1562,2
2151981,8478873613cf6e0fc2e759e161bc7f44ce70e68d23df0caaa589ddb97d33d7f5,4
2152101,59e4b7172ee4c63af71c7ba3ffc3519b45e543e8bcc872cce078591276566ece,4
2153622,3d6d2f041c23b33f8e32fd026da6021f5352134b3b35a8f77a31f55c125e32b5,4
2154547,0b0c109c40fdb030d3e00a9e1ab70d6d10640be68df7ce5223344b21eca64998,0
2155139,ee0cf2295eb0c91da6187d8836a13bc8b8d04c9aeb7d6456b61cf79a0fc02dcc,4
2156666,f6c5f5e4f1994ad1e2d6cc6608ac62bf3c9ac9ac506d632adf2deb24da80a3c1,1
2156669,fa6046eefde09905d439fd4572b777a066642929fe28e988c2d55bbd5ee8abf0,2
2157568,b8eafd29b4c86cea054e5199cde65d9e264d4238d3f9ffa96015b8efd1d708ee,2
2157583,5cc71bd650521933b8bfed9baba6f9ab96afb970509ab47cb698f2ca3fe8483a,1
2157605,a3c5f74c95c806a900ab04594fab98eaeabcc759b7e0f23d45d799ce916cd7fe,2
2158026,564c60057febbfff08e3191964d808de8a5cd79ba54954ea3c3e74431bd69780,4
2159297,5a0642f8d38de293220d4b152cce386c6afbeec944044c963dbfe3bf94284cdc,4
2159371,76cebef133ef4432e656899ee466e0b05f2f6ee431f6a625b4cfd734cf8aec3c,2
2159538,9f861ca485d7e31722818ec7d0b4ef0cd80f47a1a272c829bc9b34b0f79466f5,0
2159554,8cc5d8538080e9e70e0fbaf5762a6c4e45d2af728c19a346a2ae862227b7ad91,3
2160167,746f2f834cd163826c40a19ba15c6fb41e709b374ffca2c8685d7c98281f3912,3
2160818,3dc43e86e5ca89fa2237473bede66fe94c7719ca16144581bc1f45260cda9346,3
2160846,27ff3754632a1ac5887a9164a868a6e2cb9e334b7be3b632a896a6ea374edc19,0
2161057,f2f41c749187f20d4e525be02fd4efc118d562a41a2bfce5c63b8df3715b80f5,4
2161387,0293dccfbde7731f360043ce864e207930c60c064622c523ae8a451b9e305101,4
2161650,8cb90ae5eb21ec008cc893888409d9a14af02066fa5cf281ec8bd99055663314,3
2162109,23265ea5cc0366940ba86deae7de58b59add9a5ce1e236f4231370579dd29bcf,1
2163192,c35b8d45aa2ffa8c681f5fe3546d62ebd51c2b45249e17ee682e5dac90e4acc3,4
2163361,88c476421bce35e4d4d9a41c8c5c15019906ed3666feffd839224fee9bb7df5f,1
2164603,5c297c1f020298479ab984a1740e9bf40b43f7b3beff6f551d78fc49e5818d79,0
2165251,48bfbc47fa45f1a85421d80afbac405013c064a2a68c5005720e06759e830aad,0
2165476,b731a6472f90125fc315e7f455c4d69c3731c06457eef8cdfdba0691a8943bd7,2
2166320,3e68404a1b5b0ab7d529b65d9b2035ef9a4db19c5a62e028393c8a4f8dab504c,2
2168173,cac47b8fdcd3106dede98d245cc66159f678d8c9fd851f195eb6f9c9b412d987,0
2168919,3d8c0601d69006b505e717aad4e3feee7de84b8e89edeac7a73c68b5b969181d,3
2169571,6bb2708e2272905b44f2cc100784dbd1750dfe824b5e4de7a73f5889f8db631c,2
2169644,e48ffd0b5aa6620f79890a21a36f7949bb55f15208ffe9d120df27609c034993,2
2170396,e225b3ef9d6d7253b80f2700ba0de24a3bf0241527bbda75027cd4e05e485bf0,1
2170623,76cebef133ef4432e656899ee466e0b05f2f6ee431f6a625b4cfd734cf8aec3c,2
2171314,26144d54d9619fa86962dd08f8ce978e2b293eaab9b07e008daad88a13969926,3
2172543,6303aeafae0e4835316db6fe34d3d5f37c9b80db1c77908402b142ea91f02986,0
2173039,1f4d6f54ca48098c82ee34e410ca2248ae85be32e258893e70acd7b29491bccc,1
2173729,5253e381d05ab75f052ed245508b0bf733e4a08d21bbfe25c937857d72266e7a,2
2173993,1b144921be2dc6ca7aa1b05c979ac9cdce4f4c6bfa8b85a497aef0d24e702d90,3
2175554,1c21d114a2216ea8dcfda3c5a055bd19d7dd16c8682b6cd5c7b2bab0d3258dc0,4
2175587,cda69805551b651bb26cdc5260226e2f24cb2f5adc97788fef835cebe12f1ef5,2
2175733,44f53dc89b86f314e1710106c1df9090d107d4cc8d41a27d8bbe8623bfcc4b1d,2
2175962,f86ce72b2dfdd98b766da160d2a01097c815aed7102ad31fa1ac9763811f01f4,0
2176499,8ba6d03b81293fd5e9628c9907a6c3d79a504aa002136837a5ac84daceccf895,1
2176508,7387dc12d1fa86ae8f77d331a623b3c4f6860a66ca3bbd594ba8c42981aa2850,1
2177766,76ca71c04d9e24a9349c470fff3b1b2cbfe81501ee5204c7448873b5f240e851,0
2178243,0c22327c8f1eb5cc72eb37394a1df18dd6d40a0d159c0421a0daab035da0a143,1
2178643,bc34773c0adef145e45133b0e8143ba0b91ec0e32ec348e07bc8efd19a9596fa,4
2178862,cda69805551b651bb26cdc5260226e2f24cb2f5adc97788fef835cebe12f1ef5,2
2179027,95f90528b7f49d076c68b32babf71f93d62a9497a1a0fc17beeb195bea20c1f4,4
2179120,c06764f89df0ec061d1f33eb77bf634832d3fd5c774c264e7a019af3ac1b9e87,4
2179139,cac47b8fdcd3106dede98d245cc66159f678d8c9fd851f195eb6f9c9b412d987,0
2179225,b731a6472f90125fc315e7f455c4d69c3731c06457eef8cdfdba0691a8943bd7,2
2179498,c7698580533a220dffb6a82f47a3594b99b63128559074df525f3d812484e297,4
2179867,c5016b41462e4573f8e22c18c86ba43795aaa77ae679f7bd0addead25dd4c09b,1
2182059,91ddf9f7ce766f55b31db10570e127b6331ea20a2e0d67c0540903376c53912b,3
2182285,1fe0cc6658871619d6d7e6538c799f325240792f5b601886968d592e6e9de4be,2
2183112,1d17b9df88f33ff16b3a2ee62b7a44ea6d4fc164d803a3382532258a57a3452b,0
2183888,34175a31520616e87ec774285d9e8da30215bec771c3428b7eb9296ef9540b0f,4
2184014,8d05018cf1e3a37505e6905b05c65eed279346068e6a2ec2eee1b671a7610155,1
2184261,d8c3aef83c97236b0fa840f740bba0c68d710feccacd62bbeead495169440600,3
2185314,d8c3aef83c97236b0fa840f740bba0c68d710feccacd62bbeead495169440600,3
2185994,df5f0d0b1bae35e637a17b963312826484eb7001d3a12f30a18ad9af66f5c154,4
2187196,6a14e1e88a189480357ecdb3e3d3321a4c67b4fc702ee2a52dd6672b75180692,0
2187929,479d7b6fae99817e846a7c180c2b55e0f7ed85e3e4505895902c4a04ba5bb6dc,1
2188941,9662ff83fcd57cd49a3fcb0d1ac501b597ea30086cc8b15dc46d61ca5f874bf2,4
2191065,239e35012c9f105dbeb791b817c1843fc996c4fecf36b97c0c0b6cda5c34d99c,1
2191100,5cc71bd650521933b8bfed9baba6f9ab96afb970509ab47cb698f2ca3fe8483a,1
2192096,564c60057febbfff08e3191964d808de8a5cd79ba54954ea3c3e74431bd69780,4
2192302,62244a8bb202bd2d3e08775462d4a93d80841903176965c82a6ac08a8b418547,0
2192444,8779fd7ad0a4af61ae2ab8d7df2888528a4f16c9ffc29b7294f0ced3e7ead018,4
2192598,1fe0cc6658871619d6d7e6538c799f325240792f5b601886968d592e6e9de4be,2
2192947,5bc0ad3e7b4bcee69f80c5ba7fcc5bbaebf429f6633049ae02ff13741cf9eb1e,0
2195890,9bf70b69a57be0b0b403dcc2c8c723069e95c9eba0320666b773bbbe18b5028c,3
2195938,28ea10cc6f6017acb112a6246878e05e5b8bb61d2a23dc978a636396d4a95e7b,1
2196524,67f3ad07133767ecb4c79b47ff71d612e6880923a9e096312aab898ff9eca152,1
2196963,b081cde671bf238a96b373c12711aec84bbfa3be02fcd3f81ad164c96b895957,1
2199093,171b76a6526bf68590405d0386d98d8bd89a031e5fa73f73720c9fd4045cf7cf,2
2199611,ec046e65189b82d6f9b84cf9e6723eee87f8b28c37d3486767386f71a8e1556e,0
2203268,e3853b5796e166bff6ed0e64ff44dfe6b4a803cbe64a8f97e5efb516044fd8ba,4
2210992,d05493e2a9e1f39c6f3e2c53e919f04091f2c160f5699d7949869f3b501d4474,4
2217472,8bdfec180240926d6b4e36a4af08adb8b8f439fbf0283f3a406fc17e43a8bb08,1
2228504,40abbd5964bd2e2219307a48b903ab4cf2c90e83e49a336c82924ac948122b53,2
2230521,77f87b9a09792e86beb46b1a625ad2970f15f4119d95f9a06bda2fde5d9df789,3
2248272,7246bc35e950fb944a8b6744871d3919d16638d18d8197517b3b64c7bc677aa5,0
2260860,46abf2edbbd6901e24783a086b8ca707bab0091370a39ea94686408883bc2888,0
2291740,580edc715857d2ec18c55069b9dca47861e9975df0b676144c66c8c7864c5d49,4
2308472,66c84b1c91282a64f79435dc03cffc897797e64cafa1962e64be0c311b5d6fa3,0
2358538,4985b1df2dee43e9952c9695246e9076fdc4adb9c2294c1861cc454d7eefa111,4
2374287,515d771198960bd6ef57819c827c1ff8ca222e964bfa8183d98db1a82af643c1,1
2380813,c6fe1a63b9b4e4860d98029ba50d5f640135fd57c7afb23a07a27289ba464316,3
2388225,8cbe45b0538e258648d337f31c38cb2db183e9f38c1b9ce678da099e7a0d694c,2
2398873,1d723c54dd96f4de0012fab4b3255e7e0bf4d6692f9a94751f7b244d4df3c89d,2
2408951,90e2a81359ebdea96c880452eb39142d264eb6d5d9faa3c588f8d49e035afdbd,1
2411525,8fcdea81d5cbd7f40a37c3734eb5907d05481e530abb89c35d5f0392eb1e0da9,2
2414264,0bd1f8a08f8938e9ca7d7ea9ce56896b7f658466b9e0dfa71f892f4b56e0ee91,0
2414293,a157478eec88e8707ec70287c9ebf4ed6aeb57fcd32de2587e7d5430da690a8e,4
2415008,d3f59198f70f0224cee51ef193310b02b855768e4b7ff090aa9ad75503a09aa8,4
2415116,4342da67c1fea113d747242df7008683b36f42c9ba4f2b18e4b04beb29df8b71,2
2415982,cee0ab46783f17c6139c58ccc6130702b4a9baa4f2b86c9577b88f09f5a53a37,0
2419380,780b4cb3e389f3558ea031f5bed628ad12599dce068ee13531b099195c26ed24,2
2419611,13206c86bda7a59173745eeb804150dedddbc2df3ea0162a92832efad3464583,1
2420786,592494d2b1b44f0ddd39e2e17dab770fedda4e71484d61bd72a1a59acc6b6c3a,3
2422584,d888abb1ec2b353fcf3e67d18c8331a2d0c762f3027b7e9a3be330a0f7cc1c4a,2
2423204,56c4b38a2006932edc42b20bd15d515de670a7ba299077266bc2cfd77b35e606,2
2424324,1b5bf5b8671bb43d21a6bf28101358289ff31b7025f881364db9bcd457b56011,4
2432315,acd15b35e7eb57322346ffb3a5be9271f93e442dd37a411ad636657219af1cd0,4
2433047,c6f75aac1704606c21cf1656cc54e8a63c9860999eae8154d97f79732eae78e4,2
2433092,f07a95df44309ce323b2a985fef3c73d9335d7c031119b57b754c5b7be0782f0,4
2434013,c46a5b723ac62fbadc02a9fe93f639d86248fbff3661ed2853b0ac104a9702ff,2
2435371,d5746fc4b42d4bfb3ebf116697343876e779fa6d9b5e794464bb32a80586bbd5,4
2436376,3498e73f4c08a59891b2edd3758dc49e10dc77ebdbf5b209af808f2ec38dc83d,0
2443127,eb09422ab73c4c841d7e5340d95e47aaa383eff8b96ee08bbe5b9943a1f274c5,1
2443296,9499139f4e138342206a926b9c2cc06478a7905636fe4a8e9539216fabcff215,2
2443383,df5dc65104ab312d45ad29cc94ae2be32c4c834cd20b8b1af83dc3aa21ba9e80,3
2443508,90e2a81359ebdea96c880452eb39142d264eb6d5d9faa3c588f8d49e035afdbd,1
2443957,bf682231643a97b22151c8515db107a3c94af6a762ed658f5d35349cec08d4e9,2
2444243,9af46d459f9936a92a7c02f5dc47dbd41e160b86293c9243435f8ded47c005cf,3
2445689,ca38a1de082c431a59a0398100f62d9759134153f8bb5b16c4daecc77e502e77,0
2447640,bc042f4787656246766daa552a4f3d5f85b91bf5343b752869447ff1b5fbb07d,0
2475601,0c091ecf3248f4857c5d73dceab0ee5ec657de22b70be84674aaceecc924be85,3
2487837,345b67fcf69b784429686174bae01f658e6916cf20d7cbc469cb9ed89bb80165,3
2489661,db01a065c36fb6233ec2216ad3c657b9eb87f94043262f67f056f561004ad2b4,0
2497591,93fc3fc8a38460983201800a6022e896e9469f5ad4a17f01be2432a578b26363,4
2500761,9183ae9552ea3ce981b4c8221cf6c83f518e76a7a5e810cbf69f30080b51a879,4
2501099,dd13d59ac2dfffd0dcbc14dd49696c111783b6bc135034d46b36068aa099bf75,2
2503858,44a6776d4ceeabe737f30f8d1a1a84b6c4de11373d66c5152979a78ccd5ea627,4
2504571,cec2aacc598ebb2bd9d24d6cee41af795c3d9e07c8104ef0aa8e2be7b9777ef4,3
2504572,a6faa991a8769100c8ca91759f92952294ce95be54706023d50399c2dd72c0d3,0
2505332,4342da67c1fea113d747242df7008683b36f42c9ba4f2b18e4b04beb29df8b71,2
2505705,292bae56eefe90bfc37ee74e6684700ab2b47c70359e8c602da8ae675aeab08a,2
2506170,8cc5d8538080e9e70e0fbaf5762a6c4e45d2af728c19a346a2ae862227b7ad91,3
2507214,bb1307900e64ca979b4126780e63b8d4ab6e8dbd2e0b3528915a4799b9255e1a,0
2530789,c7698580533a220dffb6a82f47a3594b99b63128559074df525f3d812484e297,4
2534486,d997f8929fffb5782ad7a8d3b32101039c213c2a7f822d5db48258623af91c4e,0
2550055,4223322abe02652c4837bbb1dd04810d9c1f583064e0e20c98c5b9ee901632fe,4
2571911,e46ee35067770203335fe873efb28cd56909de0f89355f52222b39a1ce5e0c40,2
2573382,79b7dc68bbc2227b9e5f9c286bcddb59ef13813b6545989356bf39f58c2f1d70,4
2577206,8d69a197ddc880433a499c5a269c46c486e65225770ced575c812a8a0b2480ac,0
2578652,034e7dd517cec898f0f089754735e9d7f2ff252c6c4206017bb1262282c82368,1
2579538,30af38363da6342509cafe28c5458124f837229b6cba08e1492ce20b87f5fcd5,1
2582870,a31c7eaf033a5a0ea397306d7c8f047fc01265228a874287713f497d693ee00c,1
2625023,7bbee68c10c7de72c44a83102c50853d34883e77214f1ec2b365f18dc9d500ed,3
2628758,41dce4a9b56a42ee6b68c4ec44af6fd5d4880be7323b971133a4ee059d41abc4,4
2628998,022eeb7dd92f4419e2c5d21197d753ec82a0c4ace209e819babb4e501326c756,1
2629016,e73aa2d344fb41b2e6ef0a1f1771c405658e0de2ec81ec4020552a931c8b15af,1
2629824,44dac912eafb122038fe118edfa8eb8c8a8b8de3c8f1bd254b6b4e7473cb6406,4
2630166,52ac516511b258eee1e69131442362f4dbc3478b702544db5d402eff3e690a95,3
2631113,5bfb93235f0b9a9e96d09c34fc779da17e24d37a36fddf5b7298fdf220578e43,4
2633613,a2d27777561ad960e91566364ca82d9ffe2050c826c7bff0b1f8876162a8737a,1
2633740,98a001742977edec2ad70aec79962c88622b0c046a34d0fd842184b236aca2fc,3
2634069,022eeb7dd92f4419e2c5d21197d753ec82a0c4ace209e819babb4e501326c756,1
2634100,65d20c9d000136d687e6bc5d0c7c729337643287fd581513dc68fb7e369b9fa5,4
2634181,2d37acd53eac396e20a71ecda465fc3d0ba6d3aada3e81eacbcb905607162840,1
2634199,022eeb7dd92f4419e2c5d21197d753ec82a0c4ace209e819babb4e501326c756,1
2634439,94cda2fade4a2cecd2e69c84168409d5f9fdd276fdcc37ff714bd5c627e3c1ec,0
2634492,e21dc863c1f3178f1e90a046ce8b5ca7c3e26bf172f23825c2c2daf8df52e303,2
2634496,022eeb7dd92f4419e2c5d21197d753ec82a0c4ace209e819babb4e501326c756,1
2634522,91a0604aff8cdc56f31202d85b86a11bd73ccf0be32173f3cc00bd2a13ab22c6,2
2634784,fd54d97c75e1a9276a7a80304a63aaeef6cf4ea39c78461100192beb0c359333,1
2635421,8eaf8ad3857a6995fa29e357f7a8c16321068b89e8239f361f660ac6a43c37aa,0
2635736,e4a73f2c93486b261b36db5566c7227525d68e425a54849493f099726cfff3b3,1
2635926,f2340160b57900f5a75df2ad2eff45cb9cb8d08362cbb5e2d74bc1b6e432b881,3
2636260,184c6305f9fd2fea2078a382bba022c9f709ece085f74ecfddf57f69a1323aad,0
2637596,b8838be565e62671e8ded05eb588daf01c0db22e553776198e09576c9eb468c2,2
2641489,5858f5bcd60c938b2c1b88a2e299409275c4bd0edf3b3ed7a89c92a38c1e1754,0
2646459,4e6d13c1b6e4e5ec4fc96c65c810f13cc92fe8beeecb01ffc30998dc7149e2cd,3
2650673,dd3efa6b3d49c2a3d005a9ffe79821a4c266a0f3e2aac80b8a3eacbd6b3443df,2
2654128,18c55c2dc5cc73bcf3c9f3c95b922aba4a1fab116abece2bc3e3e67cdddba004,0
2655642,1961a8d53c1c569fd05479af605c77f12b20721adef0bb363f8246b9412d1cb1,3
2656299,da74c985ba031ccefba1066c4efd8c6d2209647cac7d94c7cb58a59c0d1791f8,2
2660398,6a14e1e88a189480357ecdb3e3d3321a4c67b4fc702ee2a52dd6672b75180692,0
2660560,e418372b3d3e1e7ee4852ab4c88edd534cd9bbcc235e705e44c8dd1040bd2e6e,4
